ledger_row_id,lot_id,pack_type,protocol_scope,release_status,released_on,effective_from,expires_on,room_scope,station_scope,issue_increment_ul,dead_volume_ul,substrate_read_min,substrate_read_max,qc_note
LOTROW-07179,QSTD-26-116,quantitative_standard,Quantitative ELISA,Released,2026-11-10,2026-11-11 00:00,2027-05-10,All,ST-10,25,10,,,Awaiting release.
LOTROW-07197,SUB-24-98,substrate,Antigen Detection ELISA,Expired,2026-10-20,2026-10-22 00:00,2026-11-18,SCI-212,ST-18,25,15,10,12,Cold-chain review.
LOTROW-07012,QSTD-26-58,quantitative_standard,Antigen Detection ELISA,Pending,2026-08-30,2026-09-02 00:00,2027-01-06,All,ST-12,25,40,,,Awaiting release.
LOTROW-07367,BLK-25-81,blocking_buffer,Antigen Detection ELISA,Expired,2026-09-07,2026-09-07 00:00,2026-09-30,SCI-216,ST-10,25,20,,,Protocol mismatch.
LOTROW-07363,CTRL-26-185,control_pack,Antigen Detection ELISA,Expired,2026-09-18,2026-09-19 00:00,2027-01-12,SCI-218,All,25,20,,,Awaiting release.
LOTROW-07486,BLK-25-97,blocking_buffer,Antigen Detection ELISA,Superseded,2026-10-04,2026-10-06 00:00,2027-01-17,SCI-218,ST-14,25,15,,,Released after routine QC.
LOTROW-07014,AB-25-76,antibody_pack,Antibody Detection ELISA,Expired,2026-09-30,2026-10-03 00:00,2026-11-25,SCI-214,ST-07,10,0,,,Awaiting release.
LOTROW-07286,BLK-26-146,blocking_buffer,Quantitative ELISA,Expired,2026-08-19,2026-08-22 00:00,2027-02-12,SCI-212,ST-10,50,25,,,Quarantine hold.
LOTROW-07115,SUB-27-171,substrate,General teaching lab,Superseded,2026-10-28,2026-10-29 00:00,2027-04-02,All,ST-01,50,15,12,22,Released after routine QC.
LOTROW-07505,CTRL-27-107,control_pack,Antigen Detection ELISA,Released,2026-11-27,2026-11-30 00:00,2027-04-05,SCI-210,ST-20,25,15,,,Awaiting release.
LOTROW-07323,CTRL-27-123,control_pack,Antibody Detection ELISA,Released,2026-10-12,2026-10-14 00:00,2027-02-22,SCI-216,ST-19,25,40,,,Protocol mismatch.
LOTROW-07127,QSTD-24-186,quantitative_standard,Antibody Detection ELISA,Superseded,2026-09-06,2026-09-08 00:00,2026-11-30,SCI-212,All,25,20,,,Protocol mismatch.
LOTROW-07205,SUB-27-22,substrate,Antibody Detection ELISA,Released,2026-09-04,2026-09-07 00:00,2026-10-14,SCI-214,ST-01,25,40,10,10,Retained for audit.
LOTROW-07605,WB-26-44,wash_buffer,Antigen Detection ELISA,Expired,2026-11-13,2026-11-16 00:00,2026-12-03,All,ST-15,50,15,,,Cold-chain review.
LOTROW-07103,CTRL-24-152,control_pack,Quantitative ELISA,Released,2026-09-13,2026-09-14 00:00,2027-01-05,SCI-210,ST-03,50,20,,,Quarantine hold.
LOTROW-07404,WB-24-186,wash_buffer,Antibody Detection ELISA,Released,2026-11-23,2026-11-25 00:00,2027-02-16,SCI-216,ST-20,10,10,,,Awaiting release.
LOTROW-07183,WB-27-190,wash_buffer,Quantitative ELISA,Expired,2026-10-07,2026-10-10 00:00,2027-03-04,SCI-210,ST-17,10,35,,,Retained for audit.
LOTROW-07431,BLK-26-130,blocking_buffer,Quantitative ELISA,Pending,2026-08-09,2026-08-09 00:00,2026-09-08,All,ST-01,50,40,,,Cold-chain review.
LOTROW-07122,BLK-27-117,blocking_buffer,Antigen Detection ELISA,Released,2026-08-03,2026-08-04 00:00,2026-10-04,All,ST-10,25,40,,,Cold-chain review.
LOTROW-07413,WB-24-105,wash_buffer,General teaching lab,Expired,2026-10-25,2026-10-25 00:00,2027-04-15,All,ST-13,25,0,,,Quarantine hold.
LOTROW-07487,AB-26-73,antibody_pack,Antigen Detection ELISA,Superseded,2026-10-09,2026-10-10 00:00,2026-11-01,SCI-218,ST-16,25,10,,,Released after routine QC.
LOTROW-07118,SUB-26-30,substrate,General teaching lab,Superseded,2026-11-08,2026-11-08 00:00,2027-02-25,SCI-214,ST-14,10,0,6,6,Cold-chain review.
LOTROW-07442,WB-27-68,wash_buffer,General teaching lab,Quarantined,2026-09-25,2026-09-25 00:00,2027-03-10,All,ST-20,25,35,,,Retained for audit.
LOTROW-07443,WB-27-75,wash_buffer,Quantitative ELISA,Superseded,2026-09-30,2026-10-02 00:00,2026-10-14,SCI-214,ST-19,25,15,,,Retained for audit.
LOTROW-07644,WB-24-78,wash_buffer,Antigen Detection ELISA,Released,2026-10-05,2026-10-08 00:00,2027-01-05,SCI-216,ST-02,10,35,,,Awaiting release.
LOTROW-TARGET-SUB,SUB-26-155,substrate,Antigen Detection ELISA,Released,2026-09-16,2026-09-16 08:35,2026-10-31,SCI-214,ST-07,25,35,6,8,QC release sets the student read-and-record window to 6-8 minutes after substrate.
LOTROW-07004,SUB-26-169,substrate,General teaching lab,Released,2026-09-03,2026-09-05 00:00,2026-12-12,SCI-210,ST-16,25,25,5,15,Protocol mismatch.
LOTROW-07027,CTRL-27-166,control_pack,Quantitative ELISA,Pending,2026-08-27,2026-08-28 00:00,2026-09-28,SCI-214,ST-03,25,25,,,Quarantine hold.
LOTROW-07291,SUB-26-76,substrate,Antigen Detection ELISA,Pending,2026-08-09,2026-08-10 00:00,2026-12-06,SCI-218,ST-08,10,15,5,15,Released after routine QC.
LOTROW-07439,QSTD-24-173,quantitative_standard,Antigen Detection ELISA,Expired,2026-10-22,2026-10-25 00:00,2027-02-17,SCI-216,ST-16,50,20,,,Quarantine hold.
LOTROW-07029,WB-25-14,wash_buffer,General teaching lab,Pending,2026-10-17,2026-10-19 00:00,2027-01-10,SCI-216,ST-07,10,0,,,Quarantine hold.
LOTROW-07385,SUB-26-35,substrate,Antigen Detection ELISA,Superseded,2026-08-04,2026-08-07 00:00,2027-01-13,SCI-218,ST-05,50,20,10,10,Cold-chain review.
LOTROW-07691,CTRL-24-126,control_pack,General teaching lab,Superseded,2026-10-13,2026-10-15 00:00,2026-11-21,SCI-212,ST-03,25,0,,,Quarantine hold.
LOTROW-07494,WB-25-87,wash_buffer,General teaching lab,Released,2026-08-02,2026-08-05 00:00,2026-11-04,SCI-216,ST-09,25,10,,,Quarantine hold.
LOTROW-07337,QSTD-27-27,quantitative_standard,Antigen Detection ELISA,Pending,2026-08-23,2026-08-26 00:00,2026-09-04,SCI-218,ST-02,50,40,,,Awaiting release.
LOTROW-07249,CTRL-26-97,control_pack,General teaching lab,Released,2026-10-08,2026-10-09 00:00,2027-02-20,SCI-210,ST-06,25,40,,,Awaiting release.
LOTROW-07099,AB-27-158,antibody_pack,Quantitative ELISA,Released,2026-09-08,2026-09-11 00:00,2027-02-28,SCI-218,ST-13,10,0,,,Released after routine QC.
LOTROW-07460,BLK-26-166,blocking_buffer,Antibody Detection ELISA,Released,2026-08-10,2026-08-11 00:00,2027-01-19,SCI-212,ST-09,50,15,,,Released after routine QC.
LOTROW-07641,WB-25-174,wash_buffer,Antibody Detection ELISA,Released,2026-11-03,2026-11-04 00:00,2027-04-21,SCI-218,ST-16,50,40,,,Cold-chain review.
LOTROW-07500,WB-27-104,wash_buffer,Antibody Detection ELISA,Released,2026-08-10,2026-08-10 00:00,2026-12-07,All,ST-06,25,35,,,Quarantine hold.
LOTROW-07005,CTRL-25-86,control_pack,Quantitative ELISA,Released,2026-08-06,2026-08-07 00:00,2026-08-16,SCI-214,ST-13,50,15,,,Retained for audit.
LOTROW-07046,QSTD-27-74,quantitative_standard,Antigen Detection ELISA,Quarantined,2026-09-27,2026-09-28 00:00,2026-11-27,SCI-210,ST-19,25,0,,,Released after routine QC.
LOTROW-07378,QSTD-27-108,quantitative_standard,General teaching lab,Expired,2026-09-15,2026-09-15 00:00,2026-11-29,SCI-214,ST-10,10,15,,,Protocol mismatch.
LOTROW-07155,BLK-27-121,blocking_buffer,Antigen Detection ELISA,Quarantined,2026-10-21,2026-10-22 00:00,2026-11-09,SCI-218,ST-18,50,15,,,Retained for audit.
LOTROW-07643,AB-27-107,antibody_pack,Antibody Detection ELISA,Released,2026-09-15,2026-09-15 00:00,2026-11-30,SCI-214,ST-02,25,15,,,Awaiting release.
LOTROW-07068,BLK-27-154,blocking_buffer,Quantitative ELISA,Pending,2026-08-06,2026-08-07 00:00,2026-09-10,All,ST-18,25,40,,,Retained for audit.
LOTROW-07607,BLK-26-183,blocking_buffer,Antibody Detection ELISA,Expired,2026-11-16,2026-11-16 00:00,2027-05-01,SCI-214,ST-05,50,40,,,Protocol mismatch.
LOTROW-07184,QSTD-26-23,quantitative_standard,Antigen Detection ELISA,Expired,2026-08-23,2026-08-25 00:00,2027-02-20,SCI-210,ST-03,25,35,,,Quarantine hold.
LOTROW-07593,SUB-27-70,substrate,General teaching lab,Pending,2026-10-26,2026-10-27 00:00,2027-01-08,All,ST-18,25,15,6,11,Cold-chain review.
LOTROW-07222,WB-26-183,wash_buffer,General teaching lab,Quarantined,2026-10-10,2026-10-13 00:00,2026-10-18,SCI-214,ST-17,25,25,,,Awaiting release.
LOTROW-07078,AB-24-82,antibody_pack,General teaching lab,Released,2026-11-08,2026-11-11 00:00,2027-02-27,SCI-210,All,25,20,,,Awaiting release.
LOTROW-07204,SUB-25-62,substrate,General teaching lab,Superseded,2026-08-26,2026-08-26 00:00,2026-12-17,SCI-212,ST-01,25,15,10,20,Quarantine hold.
LOTROW-07566,SUB-25-184,substrate,General teaching lab,Expired,2026-09-17,2026-09-20 00:00,2026-10-29,SCI-214,ST-04,25,25,10,12,Cold-chain review.
LOTROW-07687,AB-25-159,antibody_pack,Quantitative ELISA,Released,2026-11-05,2026-11-07 00:00,2027-03-15,SCI-210,ST-05,50,25,,,Released after routine QC.
LOTROW-07392,BLK-25-149,blocking_buffer,General teaching lab,Released,2026-10-04,2026-10-04 00:00,2027-01-12,SCI-216,ST-09,25,10,,,Quarantine hold.
LOTROW-07010,WB-27-28,wash_buffer,General teaching lab,Released,2026-11-25,2026-11-26 00:00,2027-03-29,All,ST-02,50,40,,,Quarantine hold.
LOTROW-07082,SUB-26-50,substrate,General teaching lab,Released,2026-11-21,2026-11-23 00:00,2026-11-29,All,ST-18,25,15,5,8,Cold-chain review.
LOTROW-07035,SUB-27-117,substrate,Quantitative ELISA,Expired,2026-11-27,2026-11-27 00:00,2027-03-15,SCI-218,ST-08,25,15,12,12,Cold-chain review.
LOTROW-07095,BLK-24-90,blocking_buffer,Antigen Detection ELISA,Released,2026-10-03,2026-10-06 00:00,2027-03-30,SCI-216,ST-01,25,20,,,Protocol mismatch.
LOTROW-07588,QSTD-25-33,quantitative_standard,Quantitative ELISA,Released,2026-08-07,2026-08-09 00:00,2027-02-01,SCI-214,ST-10,50,15,,,Retained for audit.
LOTROW-07358,CTRL-24-99,control_pack,Antigen Detection ELISA,Pending,2026-09-21,2026-09-24 00:00,2026-11-01,SCI-212,ST-09,50,25,,,Cold-chain review.
LOTROW-07528,QSTD-27-23,quantitative_standard,Antibody Detection ELISA,Pending,2026-08-31,2026-09-02 00:00,2027-02-09,SCI-216,ST-14,25,20,,,Released after routine QC.
LOTROW-07521,SUB-27-85,substrate,Antigen Detection ELISA,Superseded,2026-08-26,2026-08-29 00:00,2026-10-05,SCI-214,ST-19,50,35,5,7,Quarantine hold.
LOTROW-07653,BLK-27-15,blocking_buffer,General teaching lab,Released,2026-09-24,2026-09-27 00:00,2026-12-15,All,ST-09,25,35,,,Released after routine QC.
LOTROW-07630,WB-24-129,wash_buffer,General teaching lab,Superseded,2026-09-17,2026-09-20 00:00,2027-01-11,SCI-210,ST-11,25,20,,,Protocol mismatch.
LOTROW-07166,QSTD-26-45,quantitative_standard,Antibody Detection ELISA,Expired,2026-09-10,2026-09-13 00:00,2026-10-03,All,ST-19,50,10,,,Quarantine hold.
LOTROW-07260,WB-26-162,wash_buffer,Antibody Detection ELISA,Superseded,2026-09-17,2026-09-18 00:00,2027-01-02,All,ST-03,25,0,,,Protocol mismatch.
LOTROW-07568,QSTD-26-66,quantitative_standard,Antigen Detection ELISA,Released,2026-09-25,2026-09-27 00:00,2026-11-28,SCI-210,ST-14,25,25,,,Protocol mismatch.
LOTROW-07266,BLK-27-129,blocking_buffer,Quantitative ELISA,Expired,2026-10-25,2026-10-26 00:00,2027-04-10,SCI-218,ST-02,50,10,,,Quarantine hold.
LOTROW-07586,AB-26-13,antibody_pack,General teaching lab,Quarantined,2026-10-27,2026-10-30 00:00,2027-02-04,SCI-216,ST-08,25,25,,,Protocol mismatch.
LOTROW-07141,SUB-26-53,substrate,Antigen Detection ELISA,Released,2026-09-21,2026-09-24 00:00,2026-12-08,All,ST-18,25,15,12,17,Retained for audit.
LOTROW-07602,QSTD-25-10,quantitative_standard,Antibody Detection ELISA,Released,2026-10-08,2026-10-11 00:00,2026-10-30,SCI-214,ST-07,25,40,,,Released after routine QC.
LOTROW-07191,QSTD-27-53,quantitative_standard,Antibody Detection ELISA,Released,2026-10-26,2026-10-28 00:00,2026-11-30,SCI-210,ST-16,50,20,,,Protocol mismatch.
LOTROW-07045,QSTD-27-146,quantitative_standard,General teaching lab,Pending,2026-09-27,2026-09-30 00:00,2027-01-26,SCI-210,ST-13,25,15,,,Awaiting release.
LOTROW-07426,CTRL-25-107,control_pack,Quantitative ELISA,Released,2026-11-28,2026-11-30 00:00,2027-04-18,SCI-218,ST-20,25,20,,,Awaiting release.
LOTROW-07609,BLK-24-120,blocking_buffer,Antibody Detection ELISA,Released,2026-10-31,2026-11-01 00:00,2027-02-26,All,ST-16,25,0,,,Retained for audit.
LOTROW-07207,AB-27-70,antibody_pack,Antibody Detection ELISA,Quarantined,2026-09-02,2026-09-02 00:00,2026-11-02,SCI-218,ST-12,10,40,,,Protocol mismatch.
LOTROW-07629,QSTD-27-52,quantitative_standard,Quantitative ELISA,Quarantined,2026-11-13,2026-11-16 00:00,2027-03-04,SCI-216,ST-05,50,10,,,Retained for audit.
LOTROW-07245,CTRL-24-124,control_pack,Antigen Detection ELISA,Quarantined,2026-10-07,2026-10-09 00:00,2027-01-02,All,ST-18,10,10,,,Retained for audit.
LOTROW-07359,SUB-26-159,substrate,General teaching lab,Released,2026-10-27,2026-10-27 00:00,2026-12-14,SCI-216,All,50,20,5,15,Retained for audit.
LOTROW-07640,BLK-26-196,blocking_buffer,General teaching lab,Quarantined,2026-10-02,2026-10-02 00:00,2027-03-28,SCI-214,ST-20,25,40,,,Cold-chain review.
LOTROW-07690,CTRL-26-39,control_pack,Antibody Detection ELISA,Superseded,2026-08-15,2026-08-16 00:00,2026-11-02,SCI-212,ST-15,25,40,,,Cold-chain review.
LOTROW-07453,SUB-26-48,substrate,General teaching lab,Released,2026-08-24,2026-08-27 00:00,2026-11-14,SCI-214,ST-12,50,20,8,11,Quarantine hold.
LOTROW-07621,AB-25-127,antibody_pack,Antibody Detection ELISA,Expired,2026-11-06,2026-11-09 00:00,2027-01-02,SCI-212,ST-08,10,35,,,Awaiting release.
LOTROW-07389,SUB-25-105,substrate,Antigen Detection ELISA,Released,2026-10-15,2026-10-16 00:00,2026-11-04,All,ST-06,25,15,8,10,Protocol mismatch.
LOTROW-07546,AB-26-12,antibody_pack,Quantitative ELISA,Released,2026-08-25,2026-08-27 00:00,2026-10-26,SCI-212,ST-06,10,20,,,Cold-chain review.
LOTROW-07400,BLK-25-159,blocking_buffer,Antigen Detection ELISA,Released,2026-10-07,2026-10-10 00:00,2027-02-06,All,ST-02,25,40,,,Quarantine hold.
LOTROW-07172,BLK-24-60,blocking_buffer,Quantitative ELISA,Released,2026-11-15,2026-11-15 00:00,2026-12-09,SCI-212,ST-08,50,15,,,Retained for audit.
LOTROW-07034,WB-25-122,wash_buffer,Quantitative ELISA,Released,2026-08-26,2026-08-28 00:00,2026-11-20,SCI-216,ST-01,25,10,,,Cold-chain review.
LOTROW-07294,CTRL-27-38,control_pack,General teaching lab,Released,2026-11-01,2026-11-02 00:00,2027-02-05,SCI-218,ST-05,50,20,,,Retained for audit.
LOTROW-07438,BLK-24-164,blocking_buffer,Antibody Detection ELISA,Released,2026-11-03,2026-11-05 00:00,2026-12-29,SCI-218,ST-10,10,35,,,Cold-chain review.
LOTROW-07394,CTRL-25-66,control_pack,Quantitative ELISA,Superseded,2026-08-18,2026-08-19 00:00,2026-11-01,SCI-216,ST-19,25,0,,,Quarantine hold.
LOTROW-07268,SUB-24-12,substrate,Antigen Detection ELISA,Released,2026-10-16,2026-10-16 00:00,2027-04-01,SCI-214,ST-05,25,0,8,10,Retained for audit.
LOTROW-07227,CTRL-24-121,control_pack,Antibody Detection ELISA,Quarantined,2026-10-22,2026-10-22 00:00,2027-02-12,SCI-214,ST-07,10,15,,,Awaiting release.
LOTROW-07322,SUB-27-137,substrate,General teaching lab,Released,2026-11-16,2026-11-18 00:00,2027-02-28,SCI-212,ST-06,25,20,12,12,Cold-chain review.
LOTROW-07292,QSTD-26-149,quantitative_standard,Antigen Detection ELISA,Quarantined,2026-11-16,2026-11-17 00:00,2027-04-09,SCI-218,ST-01,50,0,,,Retained for audit.
LOTROW-07589,QSTD-27-181,quantitative_standard,Quantitative ELISA,Superseded,2026-09-10,2026-09-13 00:00,2026-10-08,SCI-210,ST-01,25,10,,,Quarantine hold.
LOTROW-07049,QSTD-25-22,quantitative_standard,Antibody Detection ELISA,Released,2026-08-29,2026-08-30 00:00,2026-10-25,SCI-214,ST-05,50,0,,,Released after routine QC.
LOTROW-07215,WB-26-92,wash_buffer,Quantitative ELISA,Released,2026-10-15,2026-10-17 00:00,2026-11-11,SCI-218,ST-06,10,15,,,Awaiting release.
LOTROW-07116,AB-26-102,antibody_pack,Quantitative ELISA,Pending,2026-08-27,2026-08-29 00:00,2027-01-25,All,ST-18,25,40,,,Retained for audit.
LOTROW-07028,SUB-26-62,substrate,Quantitative ELISA,Released,2026-10-18,2026-10-20 00:00,2027-03-24,SCI-210,ST-16,25,25,6,8,Released after routine QC.
LOTROW-07660,CTRL-26-114,control_pack,General teaching lab,Quarantined,2026-08-28,2026-08-30 00:00,2027-01-07,SCI-210,ST-07,50,0,,,Quarantine hold.
LOTROW-07137,WB-27-72,wash_buffer,General teaching lab,Released,2026-10-12,2026-10-15 00:00,2027-02-13,SCI-214,ST-11,50,35,,,Awaiting release.
LOTROW-07592,AB-27-13,antibody_pack,Antigen Detection ELISA,Released,2026-08-19,2026-08-22 00:00,2027-01-08,All,ST-08,50,15,,,Protocol mismatch.
LOTROW-07287,BLK-27-101,blocking_buffer,Antigen Detection ELISA,Released,2026-08-11,2026-08-13 00:00,2026-10-20,SCI-218,ST-15,10,20,,,Retained for audit.
LOTROW-07536,CTRL-26-190,control_pack,Antigen Detection ELISA,Released,2026-11-08,2026-11-10 00:00,2026-12-18,SCI-212,ST-06,25,35,,,Retained for audit.
LOTROW-07485,AB-24-24,antibody_pack,Antigen Detection ELISA,Superseded,2026-08-15,2026-08-18 00:00,2026-10-20,SCI-214,ST-02,25,15,,,Protocol mismatch.
LOTROW-07451,QSTD-24-152,quantitative_standard,Antibody Detection ELISA,Superseded,2026-08-01,2026-08-03 00:00,2027-01-01,SCI-210,ST-02,50,25,,,Quarantine hold.
LOTROW-07526,CTRL-26-107,control_pack,General teaching lab,Released,2026-08-13,2026-08-15 00:00,2026-08-21,SCI-216,ST-06,25,20,,,Released after routine QC.
LOTROW-07371,AB-25-85,antibody_pack,Quantitative ELISA,Released,2026-11-14,2026-11-15 00:00,2027-01-18,All,ST-12,25,0,,,Released after routine QC.
LOTROW-07625,WB-26-37,wash_buffer,Antigen Detection ELISA,Released,2026-08-26,2026-08-27 00:00,2026-10-06,SCI-218,ST-03,25,35,,,Awaiting release.
LOTROW-07523,CTRL-26-108,control_pack,Antibody Detection ELISA,Pending,2026-09-09,2026-09-11 00:00,2026-10-04,All,ST-01,25,10,,,Cold-chain review.
LOTROW-07130,QSTD-24-66,quantitative_standard,Quantitative ELISA,Released,2026-11-06,2026-11-08 00:00,2027-05-06,SCI-216,ST-01,25,25,,,Awaiting release.
LOTROW-07457,CTRL-26-122,control_pack,Antibody Detection ELISA,Quarantined,2026-09-14,2026-09-15 00:00,2026-09-26,SCI-218,ST-09,25,40,,,Awaiting release.
LOTROW-07330,CTRL-25-160,control_pack,Antibody Detection ELISA,Pending,2026-09-11,2026-09-13 00:00,2026-12-07,SCI-214,ST-05,25,0,,,Quarantine hold.
LOTROW-07520,AB-24-35,antibody_pack,General teaching lab,Superseded,2026-10-22,2026-10-22 00:00,2026-11-19,SCI-218,ST-14,25,25,,,Released after routine QC.
LOTROW-07052,SUB-26-191,substrate,Antigen Detection ELISA,Released,2026-09-18,2026-09-21 00:00,2026-10-04,All,ST-19,50,25,5,15,Quarantine hold.
LOTROW-07499,QSTD-27-175,quantitative_standard,Antibody Detection ELISA,Released,2026-11-04,2026-11-04 00:00,2027-02-07,SCI-214,ST-05,25,40,,,Protocol mismatch.
LOTROW-07193,AB-27-166,antibody_pack,Quantitative ELISA,Expired,2026-10-23,2026-10-25 00:00,2026-12-27,All,ST-07,25,20,,,Awaiting release.
LOTROW-07600,WB-24-76,wash_buffer,Antigen Detection ELISA,Superseded,2026-11-14,2026-11-14 00:00,2027-03-28,SCI-216,ST-01,25,15,,,Protocol mismatch.
LOTROW-07656,AB-27-17,antibody_pack,Antigen Detection ELISA,Released,2026-09-22,2026-09-23 00:00,2026-12-15,SCI-218,ST-05,25,15,,,Retained for audit.
LOTROW-07239,QSTD-25-119,quantitative_standard,General teaching lab,Quarantined,2026-10-30,2026-11-01 00:00,2026-12-18,SCI-216,ST-03,50,35,,,Cold-chain review.
LOTROW-07347,AB-27-10,antibody_pack,Antibody Detection ELISA,Quarantined,2026-08-22,2026-08-23 00:00,2026-11-07,All,ST-01,50,25,,,Released after routine QC.
LOTROW-07477,BLK-25-103,blocking_buffer,Antibody Detection ELISA,Released,2026-10-26,2026-10-26 00:00,2027-04-08,SCI-216,ST-12,50,25,,,Retained for audit.
LOTROW-07244,CTRL-27-181,control_pack,General teaching lab,Released,2026-11-07,2026-11-08 00:00,2026-11-28,SCI-218,ST-09,10,20,,,Retained for audit.
LOTROW-07423,BLK-26-91,blocking_buffer,Antibody Detection ELISA,Pending,2026-09-22,2026-09-23 00:00,2026-12-05,SCI-218,ST-11,25,20,,,Cold-chain review.
LOTROW-07318,BLK-24-139,blocking_buffer,Antibody Detection ELISA,Expired,2026-10-10,2026-10-12 00:00,2027-01-23,SCI-216,ST-19,25,40,,,Quarantine hold.
LOTROW-07627,BLK-26-149,blocking_buffer,General teaching lab,Released,2026-08-04,2026-08-06 00:00,2026-09-10,SCI-216,ST-01,50,10,,,Released after routine QC.
LOTROW-07176,QSTD-24-145,quantitative_standard,Antigen Detection ELISA,Pending,2026-10-14,2026-10-17 00:00,2026-11-25,SCI-216,ST-12,25,25,,,Retained for audit.
LOTROW-07571,WB-26-142,wash_buffer,Quantitative ELISA,Released,2026-10-16,2026-10-19 00:00,2027-04-06,SCI-218,ST-08,25,15,,,Awaiting release.
LOTROW-07042,CTRL-25-151,control_pack,General teaching lab,Pending,2026-11-15,2026-11-17 00:00,2026-12-04,SCI-210,ST-10,10,20,,,Awaiting release.
LOTROW-07282,WB-24-47,wash_buffer,General teaching lab,Expired,2026-10-07,2026-10-08 00:00,2027-03-26,All,ST-12,25,20,,,Retained for audit.
LOTROW-07091,WB-25-134,wash_buffer,Antigen Detection ELISA,Released,2026-09-10,2026-09-10 00:00,2027-01-13,SCI-214,ST-11,50,40,,,Awaiting release.
LOTROW-07436,CTRL-26-86,control_pack,Quantitative ELISA,Pending,2026-09-11,2026-09-14 00:00,2027-01-22,SCI-218,ST-02,25,0,,,Retained for audit.
LOTROW-07525,AB-25-191,antibody_pack,General teaching lab,Superseded,2026-08-01,2026-08-01 00:00,2026-08-09,All,ST-19,50,10,,,Awaiting release.
LOTROW-07092,BLK-26-158,blocking_buffer,General teaching lab,Released,2026-09-04,2026-09-05 00:00,2027-03-02,SCI-216,ST-18,25,40,,,Cold-chain review.
LOTROW-07440,AB-24-90,antibody_pack,Quantitative ELISA,Expired,2026-11-09,2026-11-09 00:00,2026-12-08,SCI-218,ST-20,50,0,,,Retained for audit.
LOTROW-07490,SUB-27-166,substrate,General teaching lab,Released,2026-09-07,2026-09-08 00:00,2026-11-08,SCI-214,ST-19,25,15,5,7,Retained for audit.
LOTROW-07138,QSTD-27-13,quantitative_standard,Antibody Detection ELISA,Quarantined,2026-09-05,2026-09-05 00:00,2027-02-15,All,ST-20,50,0,,,Retained for audit.
LOTROW-07382,WB-27-186,wash_buffer,Quantitative ELISA,Released,2026-10-26,2026-10-28 00:00,2026-12-31,SCI-216,ST-02,25,25,,,Awaiting release.
LOTROW-07551,WB-27-66,wash_buffer,General teaching lab,Released,2026-09-01,2026-09-01 00:00,2026-10-20,SCI-214,ST-04,25,10,,,Released after routine QC.
LOTROW-07352,CTRL-24-173,control_pack,Antibody Detection ELISA,Superseded,2026-09-21,2026-09-22 00:00,2026-10-09,SCI-218,ST-13,25,40,,,Quarantine hold.
LOTROW-07167,QSTD-24-80,quantitative_standard,Antibody Detection ELISA,Superseded,2026-08-01,2026-08-03 00:00,2026-09-21,SCI-216,ST-04,10,35,,,Released after routine QC.
LOTROW-07272,AB-25-17,antibody_pack,Antibody Detection ELISA,Quarantined,2026-09-16,2026-09-16 00:00,2027-01-12,All,All,25,10,,,Protocol mismatch.
LOTROW-07206,SUB-26-33,substrate,General teaching lab,Quarantined,2026-11-02,2026-11-03 00:00,2026-11-20,SCI-218,ST-17,25,25,6,9,Cold-chain review.
LOTROW-07038,AB-24-52,antibody_pack,Antigen Detection ELISA,Released,2026-08-05,2026-08-05 00:00,2026-11-04,All,ST-17,25,20,,,Released after routine QC.
LOTROW-07524,QSTD-24-100,quantitative_standard,Antibody Detection ELISA,Released,2026-10-18,2026-10-20 00:00,2027-03-04,SCI-212,ST-14,25,10,,,Quarantine hold.
LOTROW-07604,AB-25-105,antibody_pack,Quantitative ELISA,Superseded,2026-11-09,2026-11-10 00:00,2027-02-07,SCI-216,ST-04,50,25,,,Cold-chain review.
LOTROW-07493,CTRL-27-115,control_pack,Antigen Detection ELISA,Released,2026-11-13,2026-11-14 00:00,2026-12-27,SCI-214,ST-18,25,15,,,Released after routine QC.
LOTROW-07532,BLK-24-88,blocking_buffer,Antigen Detection ELISA,Released,2026-11-03,2026-11-05 00:00,2027-03-29,SCI-214,ST-02,25,40,,,Protocol mismatch.
LOTROW-07072,WB-27-27,wash_buffer,Antigen Detection ELISA,Expired,2026-08-11,2026-08-11 00:00,2026-12-29,All,ST-13,25,20,,,Retained for audit.
LOTROW-07308,SUB-24-193,substrate,Antigen Detection ELISA,Pending,2026-09-09,2026-09-12 00:00,2026-10-31,SCI-218,ST-13,25,15,10,13,Awaiting release.
LOTROW-07391,AB-26-20,antibody_pack,General teaching lab,Released,2026-09-09,2026-09-11 00:00,2026-11-23,SCI-216,ST-08,10,40,,,Released after routine QC.
LOTROW-07285,AB-26-181,antibody_pack,Quantitative ELISA,Pending,2026-08-18,2026-08-21 00:00,2026-10-04,SCI-210,ST-15,25,25,,,Quarantine hold.
LOTROW-07619,BLK-24-183,blocking_buffer,Antigen Detection ELISA,Released,2026-09-24,2026-09-25 00:00,2026-10-14,SCI-210,ST-03,50,25,,,Retained for audit.
LOTROW-07478,CTRL-25-55,control_pack,General teaching lab,Released,2026-11-16,2026-11-17 00:00,2027-02-06,All,ST-12,10,40,,,Released after routine QC.
LOTROW-07208,CTRL-24-93,control_pack,Quantitative ELISA,Superseded,2026-11-19,2026-11-22 00:00,2027-03-12,SCI-214,ST-14,10,20,,,Awaiting release.
LOTROW-07203,WB-24-116,wash_buffer,Antibody Detection ELISA,Superseded,2026-11-27,2026-11-27 00:00,2027-03-24,SCI-212,ST-07,25,10,,,Released after routine QC.
LOTROW-07473,AB-25-61,antibody_pack,Quantitative ELISA,Expired,2026-08-25,2026-08-28 00:00,2027-01-01,SCI-210,ST-09,25,10,,,Released after routine QC.
LOTROW-07123,CTRL-24-15,control_pack,Quantitative ELISA,Expired,2026-09-08,2026-09-08 00:00,2026-12-30,SCI-218,ST-11,25,15,,,Released after routine QC.
LOTROW-07146,CTRL-25-32,control_pack,General teaching lab,Released,2026-11-02,2026-11-04 00:00,2026-11-10,SCI-212,ST-19,50,25,,,Released after routine QC.
LOTROW-07461,WB-26-77,wash_buffer,General teaching lab,Released,2026-09-10,2026-09-11 00:00,2026-11-28,All,ST-03,25,10,,,Protocol mismatch.
LOTROW-07022,BLK-24-105,blocking_buffer,Antigen Detection ELISA,Superseded,2026-11-22,2026-11-22 00:00,2027-01-08,SCI-216,ST-03,50,35,,,Awaiting release.
LOTROW-07230,BLK-27-166,blocking_buffer,General teaching lab,Released,2026-10-14,2026-10-14 00:00,2026-12-20,All,ST-04,10,0,,,Protocol mismatch.
LOTROW-07549,QSTD-26-73,quantitative_standard,Antibody Detection ELISA,Released,2026-11-21,2026-11-22 00:00,2027-04-09,SCI-216,ST-13,25,10,,,Quarantine hold.
LOTROW-07448,BLK-27-14,blocking_buffer,Antibody Detection ELISA,Expired,2026-10-28,2026-10-28 00:00,2027-03-07,SCI-210,ST-04,25,25,,,Released after routine QC.
LOTROW-07124,AB-24-56,antibody_pack,Antibody Detection ELISA,Released,2026-09-02,2026-09-05 00:00,2026-11-27,SCI-212,ST-06,25,10,,,Retained for audit.
LOTROW-07361,SUB-24-134,substrate,Antigen Detection ELISA,Released,2026-10-02,2026-10-04 00:00,2026-12-01,SCI-210,ST-20,25,0,5,5,Awaiting release.
LOTROW-07317,QSTD-26-192,quantitative_standard,Quantitative ELISA,Expired,2026-10-12,2026-10-14 00:00,2027-03-05,SCI-210,ST-15,10,40,,,Released after routine QC.
LOTROW-07018,WB-24-88,wash_buffer,General teaching lab,Quarantined,2026-11-02,2026-11-02 00:00,2026-11-23,SCI-214,ST-11,10,25,,,Retained for audit.
LOTROW-07001,QSTD-27-128,quantitative_standard,Quantitative ELISA,Released,2026-11-15,2026-11-17 00:00,2026-12-03,SCI-218,ST-09,25,10,,,Released after routine QC.
LOTROW-07059,QSTD-26-194,quantitative_standard,Antigen Detection ELISA,Superseded,2026-09-27,2026-09-29 00:00,2026-10-23,SCI-218,ST-09,25,20,,,Protocol mismatch.
LOTROW-07199,WB-25-107,wash_buffer,General teaching lab,Superseded,2026-11-24,2026-11-24 00:00,2027-01-13,SCI-212,ST-06,25,40,,,Released after routine QC.
LOTROW-07081,QSTD-24-95,quantitative_standard,Antibody Detection ELISA,Superseded,2026-11-29,2026-12-01 00:00,2027-04-06,SCI-216,ST-20,25,15,,,Protocol mismatch.
LOTROW-07264,SUB-25-123,substrate,Antibody Detection ELISA,Released,2026-08-12,2026-08-12 00:00,2026-11-14,SCI-210,ST-09,25,15,6,16,Quarantine hold.
LOTROW-07608,AB-24-132,antibody_pack,Antigen Detection ELISA,Quarantined,2026-09-22,2026-09-23 00:00,2026-10-27,All,ST-08,10,20,,,Quarantine hold.
LOTROW-07618,QSTD-27-194,quantitative_standard,General teaching lab,Expired,2026-08-21,2026-08-22 00:00,2026-09-03,SCI-210,ST-17,10,35,,,Cold-chain review.
LOTROW-07039,CTRL-26-85,control_pack,General teaching lab,Released,2026-11-21,2026-11-21 00:00,2026-12-05,SCI-212,ST-11,50,40,,,Retained for audit.
LOTROW-07194,CTRL-26-61,control_pack,General teaching lab,Released,2026-09-22,2026-09-24 00:00,2026-12-31,All,ST-08,10,40,,,Protocol mismatch.
LOTROW-07295,AB-26-111,antibody_pack,General teaching lab,Released,2026-11-28,2026-11-28 00:00,2027-03-10,SCI-210,All,25,20,,,Retained for audit.
LOTROW-07121,WB-27-178,wash_buffer,Antigen Detection ELISA,Released,2026-09-20,2026-09-22 00:00,2027-01-02,SCI-210,ST-07,25,35,,,Released after routine QC.
LOTROW-07256,AB-25-171,antibody_pack,Quantitative ELISA,Released,2026-10-13,2026-10-13 00:00,2027-01-29,SCI-216,ST-03,25,35,,,Released after routine QC.
LOTROW-07501,WB-27-93,wash_buffer,Quantitative ELISA,Released,2026-09-29,2026-09-30 00:00,2026-10-28,All,ST-12,25,35,,,Cold-chain review.
LOTROW-07584,AB-24-176,antibody_pack,Antigen Detection ELISA,Expired,2026-08-01,2026-08-04 00:00,2026-11-22,All,ST-03,50,0,,,Cold-chain review.
LOTROW-07427,AB-24-63,antibody_pack,General teaching lab,Expired,2026-09-16,2026-09-17 00:00,2026-11-28,All,ST-19,25,35,,,Released after routine QC.
LOTROW-07595,CTRL-24-67,control_pack,Antibody Detection ELISA,Released,2026-08-15,2026-08-16 00:00,2026-11-02,SCI-216,ST-03,10,15,,,Cold-chain review.
LOTROW-07639,CTRL-25-116,control_pack,Quantitative ELISA,Released,2026-10-09,2026-10-09 00:00,2026-12-16,SCI-216,ST-06,25,40,,,Quarantine hold.
LOTROW-07418,SUB-24-163,substrate,Antigen Detection ELISA,Expired,2026-09-10,2026-09-13 00:00,2027-01-01,SCI-210,ST-11,10,40,12,22,Awaiting release.
LOTROW-07633,WB-24-169,wash_buffer,Quantitative ELISA,Released,2026-08-10,2026-08-11 00:00,2026-12-31,All,ST-04,50,25,,,Retained for audit.
LOTROW-07009,CTRL-25-173,control_pack,General teaching lab,Released,2026-09-13,2026-09-13 00:00,2027-02-05,SCI-214,ST-01,25,35,,,Cold-chain review.
LOTROW-07542,SUB-26-138,substrate,Quantitative ELISA,Quarantined,2026-10-15,2026-10-16 00:00,2026-11-13,SCI-218,ST-04,10,25,6,16,Awaiting release.
LOTROW-07315,WB-27-87,wash_buffer,General teaching lab,Released,2026-11-29,2026-12-02 00:00,2027-01-08,All,ST-02,50,40,,,Protocol mismatch.
LOTROW-07171,WB-25-36,wash_buffer,Antigen Detection ELISA,Superseded,2026-09-05,2026-09-07 00:00,2026-09-26,SCI-212,ST-07,50,15,,,Protocol mismatch.
LOTROW-07105,QSTD-24-60,quantitative_standard,Antibody Detection ELISA,Released,2026-09-24,2026-09-27 00:00,2026-11-08,SCI-218,ST-09,25,15,,,Cold-chain review.
LOTROW-07031,SUB-27-57,substrate,Antigen Detection ELISA,Expired,2026-08-14,2026-08-16 00:00,2026-10-30,SCI-218,ST-19,10,25,6,8,Retained for audit.
LOTROW-07299,QSTD-26-166,quantitative_standard,Quantitative ELISA,Released,2026-08-19,2026-08-22 00:00,2026-11-09,SCI-214,ST-06,50,25,,,Awaiting release.
LOTROW-07214,CTRL-24-144,control_pack,Antigen Detection ELISA,Superseded,2026-09-20,2026-09-23 00:00,2026-10-02,All,ST-18,25,15,,,Quarantine hold.
LOTROW-07437,SUB-24-16,substrate,Quantitative ELISA,Released,2026-10-31,2026-11-02 00:00,2027-04-19,SCI-212,ST-07,50,40,5,8,Retained for audit.
LOTROW-07452,CTRL-26-56,control_pack,Antibody Detection ELISA,Released,2026-09-07,2026-09-07 00:00,2026-11-20,SCI-210,ST-09,10,10,,,Cold-chain review.
LOTROW-07370,SUB-26-109,substrate,General teaching lab,Superseded,2026-09-11,2026-09-14 00:00,2026-11-02,SCI-210,ST-02,25,25,5,7,Quarantine hold.
LOTROW-07265,AB-26-175,antibody_pack,Quantitative ELISA,Released,2026-08-30,2026-08-31 00:00,2026-12-23,SCI-212,ST-16,25,20,,,Protocol mismatch.
LOTROW-07302,SUB-24-148,substrate,Quantitative ELISA,Released,2026-09-23,2026-09-26 00:00,2026-10-21,SCI-212,All,25,40,8,18,Protocol mismatch.
LOTROW-07556,QSTD-27-199,quantitative_standard,Antigen Detection ELISA,Released,2026-08-09,2026-08-10 00:00,2027-01-14,SCI-210,All,25,0,,,Released after routine QC.
LOTROW-07086,QSTD-26-145,quantitative_standard,Antigen Detection ELISA,Quarantined,2026-11-24,2026-11-24 00:00,2027-02-04,SCI-212,ST-14,25,25,,,Retained for audit.
LOTROW-07017,AB-24-187,antibody_pack,General teaching lab,Released,2026-09-27,2026-09-30 00:00,2026-12-09,SCI-216,ST-20,25,0,,,Awaiting release.
LOTROW-07165,AB-24-139,antibody_pack,General teaching lab,Superseded,2026-08-23,2026-08-23 00:00,2026-08-30,SCI-210,ST-01,25,25,,,Released after routine QC.
LOTROW-07567,WB-26-168,wash_buffer,Quantitative ELISA,Released,2026-09-10,2026-09-11 00:00,2026-12-08,SCI-216,All,50,0,,,Awaiting release.
LOTROW-07419,AB-27-188,antibody_pack,Quantitative ELISA,Pending,2026-08-01,2026-08-03 00:00,2026-08-27,SCI-210,ST-19,25,20,,,Awaiting release.
LOTROW-07474,CTRL-27-39,control_pack,General teaching lab,Superseded,2026-10-07,2026-10-10 00:00,2027-03-03,SCI-216,ST-12,25,15,,,Awaiting release.
LOTROW-07144,WB-26-191,wash_buffer,Antigen Detection ELISA,Released,2026-08-16,2026-08-18 00:00,2026-11-17,SCI-212,ST-15,10,15,,,Cold-chain review.
LOTROW-07681,BLK-24-81,blocking_buffer,Antigen Detection ELISA,Released,2026-08-02,2026-08-04 00:00,2026-11-15,All,ST-19,25,20,,,Awaiting release.
LOTROW-07552,SUB-26-78,substrate,General teaching lab,Pending,2026-11-10,2026-11-10 00:00,2027-02-23,SCI-214,ST-14,25,10,6,16,Retained for audit.
LOTROW-07117,WB-25-188,wash_buffer,Antibody Detection ELISA,Pending,2026-10-01,2026-10-01 00:00,2027-01-28,All,ST-09,50,15,,,Retained for audit.
LOTROW-07372,BLK-24-147,blocking_buffer,Antibody Detection ELISA,Expired,2026-10-09,2026-10-09 00:00,2027-04-04,All,ST-20,25,20,,,Awaiting release.
LOTROW-07015,AB-24-26,antibody_pack,General teaching lab,Quarantined,2026-09-30,2026-09-30 00:00,2027-01-16,SCI-214,ST-13,10,15,,,Quarantine hold.
LOTROW-07527,SUB-24-176,substrate,General teaching lab,Released,2026-11-29,2026-12-01 00:00,2027-04-14,SCI-218,ST-13,10,35,10,13,Awaiting release.
LOTROW-07507,QSTD-24-183,quantitative_standard,Antigen Detection ELISA,Pending,2026-08-01,2026-08-03 00:00,2026-12-12,All,ST-06,10,25,,,Retained for audit.
LOTROW-07008,QSTD-26-115,quantitative_standard,Antibody Detection ELISA,Expired,2026-10-02,2026-10-04 00:00,2026-10-23,SCI-218,ST-12,25,15,,,Quarantine hold.
LOTROW-07594,QSTD-26-92,quantitative_standard,Quantitative ELISA,Quarantined,2026-09-16,2026-09-17 00:00,2026-10-10,SCI-212,ST-18,25,40,,,Quarantine hold.
LOTROW-07026,SUB-27-98,substrate,Antibody Detection ELISA,Released,2026-08-28,2026-08-29 00:00,2026-11-18,SCI-214,ST-20,25,0,8,18,Released after routine QC.
LOTROW-07251,SUB-24-25,substrate,General teaching lab,Superseded,2026-09-02,2026-09-05 00:00,2026-11-01,SCI-212,ST-14,25,0,5,15,Protocol mismatch.
LOTROW-07279,QSTD-26-43,quantitative_standard,Antibody Detection ELISA,Expired,2026-09-07,2026-09-08 00:00,2027-02-25,SCI-214,ST-08,25,25,,,Quarantine hold.
LOTROW-07085,QSTD-24-181,quantitative_standard,Quantitative ELISA,Superseded,2026-10-14,2026-10-17 00:00,2026-12-11,All,ST-04,50,20,,,Released after routine QC.
LOTROW-07648,CTRL-26-84,control_pack,Quantitative ELISA,Released,2026-10-21,2026-10-23 00:00,2026-12-10,SCI-218,ST-12,25,40,,,Retained for audit.
LOTROW-07306,BLK-27-98,blocking_buffer,Antigen Detection ELISA,Expired,2026-09-02,2026-09-04 00:00,2026-10-29,SCI-210,ST-04,25,0,,,Released after routine QC.
LOTROW-07519,SUB-24-110,substrate,Antibody Detection ELISA,Released,2026-08-17,2026-08-18 00:00,2026-08-26,SCI-218,ST-13,50,20,8,18,Cold-chain review.
LOTROW-07465,BLK-26-66,blocking_buffer,Antibody Detection ELISA,Released,2026-08-30,2026-09-02 00:00,2026-11-22,SCI-212,ST-11,25,40,,,Retained for audit.
LOTROW-07223,QSTD-25-35,quantitative_standard,Quantitative ELISA,Pending,2026-11-12,2026-11-14 00:00,2026-12-09,All,ST-02,50,40,,,Retained for audit.
LOTROW-07216,QSTD-24-14,quantitative_standard,Quantitative ELISA,Superseded,2026-08-20,2026-08-23 00:00,2027-02-19,SCI-216,ST-18,50,20,,,Quarantine hold.
LOTROW-07560,QSTD-24-84,quantitative_standard,General teaching lab,Released,2026-08-31,2026-08-31 00:00,2027-02-19,SCI-212,ST-20,10,35,,,Quarantine hold.
LOTROW-07273,WB-26-31,wash_buffer,General teaching lab,Released,2026-08-13,2026-08-16 00:00,2026-11-28,SCI-214,ST-06,25,20,,,Protocol mismatch.
LOTROW-07108,BLK-25-19,blocking_buffer,Antigen Detection ELISA,Expired,2026-11-12,2026-11-14 00:00,2027-03-28,SCI-212,ST-06,50,25,,,Released after routine QC.
LOTROW-07496,SUB-24-123,substrate,Antibody Detection ELISA,Pending,2026-08-15,2026-08-16 00:00,2026-10-15,SCI-212,ST-06,25,35,5,10,Retained for audit.
LOTROW-07355,SUB-24-20,substrate,General teaching lab,Pending,2026-11-29,2026-11-30 00:00,2027-04-14,All,ST-09,50,35,6,9,Awaiting release.
LOTROW-07147,WB-27-79,wash_buffer,Antibody Detection ELISA,Pending,2026-08-23,2026-08-25 00:00,2026-10-04,SCI-218,ST-16,50,10,,,Retained for audit.
LOTROW-07297,WB-25-55,wash_buffer,Quantitative ELISA,Expired,2026-09-08,2026-09-10 00:00,2026-10-08,SCI-212,ST-05,50,0,,,Cold-chain review.
LOTROW-07054,WB-26-163,wash_buffer,Antibody Detection ELISA,Expired,2026-08-13,2026-08-15 00:00,2026-12-05,SCI-216,ST-06,10,20,,,Awaiting release.
LOTROW-07013,QSTD-27-20,quantitative_standard,General teaching lab,Released,2026-10-21,2026-10-22 00:00,2026-12-26,All,ST-20,50,15,,,Released after routine QC.
LOTROW-07603,WB-26-70,wash_buffer,Antibody Detection ELISA,Released,2026-09-23,2026-09-25 00:00,2026-10-02,SCI-212,ST-13,50,40,,,Retained for audit.
LOTROW-07198,SUB-24-107,substrate,General teaching lab,Superseded,2026-09-13,2026-09-16 00:00,2027-01-25,SCI-216,ST-18,50,40,5,5,Quarantine hold.
LOTROW-07467,CTRL-24-157,control_pack,Antibody Detection ELISA,Quarantined,2026-09-11,2026-09-14 00:00,2027-01-05,SCI-214,ST-16,25,10,,,Cold-chain review.
LOTROW-07430,WB-25-30,wash_buffer,Antigen Detection ELISA,Released,2026-10-18,2026-10-20 00:00,2027-03-15,SCI-212,ST-10,25,0,,,Protocol mismatch.
LOTROW-07336,CTRL-25-80,control_pack,General teaching lab,Pending,2026-11-28,2026-11-28 00:00,2026-12-24,SCI-216,ST-16,25,20,,,Cold-chain review.
LOTROW-07350,CTRL-26-175,control_pack,Quantitative ELISA,Pending,2026-08-28,2026-08-30 00:00,2026-09-15,SCI-218,ST-14,25,0,,,Quarantine hold.
LOTROW-07151,SUB-26-197,substrate,Antibody Detection ELISA,Superseded,2026-08-29,2026-08-31 00:00,2027-01-13,SCI-212,ST-10,25,25,10,20,Retained for audit.
LOTROW-07320,BLK-26-45,blocking_buffer,Quantitative ELISA,Expired,2026-11-08,2026-11-11 00:00,2027-03-21,SCI-218,ST-01,25,25,,,Awaiting release.
LOTROW-07274,WB-24-125,wash_buffer,Antigen Detection ELISA,Superseded,2026-10-29,2026-11-01 00:00,2026-12-01,SCI-218,ST-17,50,25,,,Cold-chain review.
LOTROW-07219,CTRL-24-35,control_pack,General teaching lab,Quarantined,2026-10-14,2026-10-16 00:00,2027-03-16,All,ST-01,50,35,,,Released after routine QC.
LOTROW-07675,AB-27-102,antibody_pack,Antibody Detection ELISA,Released,2026-08-23,2026-08-25 00:00,2027-01-11,SCI-218,ST-17,25,20,,,Cold-chain review.
LOTROW-07334,QSTD-27-150,quantitative_standard,Quantitative ELISA,Released,2026-10-30,2026-11-02 00:00,2027-01-04,SCI-216,ST-08,10,0,,,Quarantine hold.
LOTROW-07226,SUB-25-149,substrate,Antigen Detection ELISA,Pending,2026-10-20,2026-10-23 00:00,2027-04-12,All,ST-09,25,25,10,12,Protocol mismatch.
LOTROW-07340,AB-27-164,antibody_pack,Quantitative ELISA,Expired,2026-08-05,2026-08-05 00:00,2026-12-19,SCI-216,ST-06,25,0,,,Quarantine hold.
LOTROW-07626,AB-25-73,antibody_pack,Antigen Detection ELISA,Expired,2026-10-11,2026-10-11 00:00,2027-02-01,SCI-212,ST-10,10,25,,,Awaiting release.
LOTROW-07128,SUB-25-142,substrate,Quantitative ELISA,Released,2026-10-01,2026-10-01 00:00,2026-12-05,SCI-218,ST-16,50,20,6,6,Awaiting release.
LOTROW-07502,QSTD-26-127,quantitative_standard,Antibody Detection ELISA,Quarantined,2026-11-20,2026-11-21 00:00,2027-04-26,SCI-216,ST-20,10,15,,,Retained for audit.
LOTROW-07050,CTRL-25-119,control_pack,Antigen Detection ELISA,Released,2026-11-20,2026-11-22 00:00,2027-02-03,SCI-212,ST-16,10,0,,,Protocol mismatch.
LOTROW-07676,QSTD-24-174,quantitative_standard,Antigen Detection ELISA,Expired,2026-10-23,2026-10-23 00:00,2026-11-21,SCI-212,ST-20,25,20,,,Released after routine QC.
LOTROW-07635,QSTD-26-185,quantitative_standard,General teaching lab,Released,2026-09-25,2026-09-25 00:00,2026-12-18,SCI-216,ST-11,25,25,,,Awaiting release.
LOTROW-07534,BLK-24-42,blocking_buffer,Antigen Detection ELISA,Quarantined,2026-11-06,2026-11-06 00:00,2026-12-07,SCI-210,ST-14,25,20,,,Quarantine hold.
LOTROW-07048,CTRL-25-69,control_pack,Quantitative ELISA,Quarantined,2026-10-23,2026-10-23 00:00,2027-03-30,SCI-212,ST-18,10,25,,,Quarantine hold.
LOTROW-07422,CTRL-26-101,control_pack,Quantitative ELISA,Expired,2026-09-16,2026-09-18 00:00,2026-12-20,SCI-218,All,10,35,,,Quarantine hold.
LOTROW-07462,QSTD-26-151,quantitative_standard,General teaching lab,Pending,2026-10-12,2026-10-15 00:00,2026-11-19,All,ST-12,25,15,,,Released after routine QC.
LOTROW-07512,SUB-27-66,substrate,General teaching lab,Superseded,2026-09-12,2026-09-15 00:00,2027-01-01,SCI-214,ST-03,25,10,8,10,Quarantine hold.
LOTROW-07694,SUB-26-189,substrate,General teaching lab,Superseded,2026-08-11,2026-08-14 00:00,2027-02-06,SCI-218,ST-02,25,10,6,8,Quarantine hold.
LOTROW-07232,BLK-27-163,blocking_buffer,Antibody Detection ELISA,Expired,2026-10-25,2026-10-28 00:00,2027-03-07,All,ST-08,25,20,,,Cold-chain review.
LOTROW-07093,BLK-24-61,blocking_buffer,Antigen Detection ELISA,Released,2026-10-20,2026-10-22 00:00,2026-12-04,SCI-218,ST-10,25,25,,,Quarantine hold.
LOTROW-07424,AB-26-196,antibody_pack,Antibody Detection ELISA,Released,2026-09-04,2026-09-05 00:00,2026-10-22,SCI-214,ST-06,25,15,,,Protocol mismatch.
LOTROW-07145,CTRL-24-138,control_pack,Antibody Detection ELISA,Released,2026-10-06,2026-10-07 00:00,2027-03-17,SCI-214,ST-09,25,40,,,Quarantine hold.
LOTROW-07079,BLK-25-83,blocking_buffer,Antibody Detection ELISA,Released,2026-11-16,2026-11-19 00:00,2027-02-05,SCI-216,ST-19,50,25,,,Protocol mismatch.
LOTROW-07511,CTRL-25-29,control_pack,Quantitative ELISA,Quarantined,2026-10-16,2026-10-19 00:00,2027-01-11,SCI-216,ST-02,25,0,,,Quarantine hold.
LOTROW-07055,SUB-24-26,substrate,Quantitative ELISA,Quarantined,2026-08-18,2026-08-20 00:00,2026-10-08,SCI-216,All,25,40,6,9,Protocol mismatch.
LOTROW-07470,SUB-27-96,substrate,Quantitative ELISA,Released,2026-09-10,2026-09-11 00:00,2027-02-02,SCI-210,ST-16,50,25,12,17,Retained for audit.
LOTROW-07030,SUB-25-152,substrate,Antigen Detection ELISA,Superseded,2026-10-13,2026-10-15 00:00,2027-02-10,SCI-214,ST-14,10,35,8,10,Quarantine hold.
LOTROW-07489,BLK-26-155,blocking_buffer,General teaching lab,Pending,2026-11-23,2026-11-26 00:00,2026-12-06,All,ST-12,25,20,,,Retained for audit.
LOTROW-07080,QSTD-25-83,quantitative_standard,Antibody Detection ELISA,Released,2026-09-29,2026-10-01 00:00,2026-11-07,SCI-214,ST-18,10,25,,,Cold-chain review.
LOTROW-07515,WB-27-24,wash_buffer,General teaching lab,Released,2026-08-17,2026-08-18 00:00,2026-09-14,SCI-218,ST-10,10,25,,,Quarantine hold.
LOTROW-07276,BLK-24-71,blocking_buffer,General teaching lab,Quarantined,2026-11-28,2026-11-28 00:00,2026-12-26,SCI-210,ST-16,25,20,,,Protocol mismatch.
LOTROW-07269,QSTD-25-36,quantitative_standard,Quantitative ELISA,Expired,2026-09-10,2026-09-13 00:00,2027-02-06,All,ST-02,25,40,,,Released after routine QC.
LOTROW-07503,CTRL-26-23,control_pack,General teaching lab,Quarantined,2026-09-30,2026-10-03 00:00,2026-12-04,SCI-212,ST-18,25,10,,,Awaiting release.
LOTROW-07178,SUB-27-111,substrate,Antibody Detection ELISA,Pending,2026-10-26,2026-10-27 00:00,2027-02-23,SCI-214,ST-09,10,10,8,8,Released after routine QC.
LOTROW-07154,SUB-24-94,substrate,Quantitative ELISA,Released,2026-11-16,2026-11-17 00:00,2027-03-29,SCI-218,ST-17,25,0,10,10,Awaiting release.
LOTROW-07075,BLK-24-175,blocking_buffer,Antibody Detection ELISA,Released,2026-09-22,2026-09-25 00:00,2027-02-23,All,All,50,20,,,Cold-chain review.
LOTROW-07557,WB-25-164,wash_buffer,Antigen Detection ELISA,Released,2026-10-16,2026-10-19 00:00,2027-03-24,SCI-214,ST-11,25,40,,,Cold-chain review.
LOTROW-07533,SUB-27-119,substrate,General teaching lab,Pending,2026-10-15,2026-10-16 00:00,2027-03-24,SCI-218,ST-12,25,10,12,14,Awaiting release.
LOTROW-07591,CTRL-25-31,control_pack,Quantitative ELISA,Released,2026-08-02,2026-08-05 00:00,2026-09-27,SCI-214,ST-02,25,10,,,Retained for audit.
LOTROW-07107,CTRL-27-45,control_pack,Quantitative ELISA,Quarantined,2026-08-19,2026-08-19 00:00,2026-12-14,All,ST-14,10,10,,,Cold-chain review.
LOTROW-07530,AB-25-72,antibody_pack,Antigen Detection ELISA,Expired,2026-11-02,2026-11-03 00:00,2027-04-12,All,ST-18,25,15,,,Awaiting release.
LOTROW-07548,AB-27-199,antibody_pack,Quantitative ELISA,Released,2026-10-15,2026-10-17 00:00,2027-01-15,SCI-212,ST-20,25,40,,,Awaiting release.
LOTROW-07403,CTRL-26-36,control_pack,General teaching lab,Expired,2026-10-20,2026-10-22 00:00,2026-11-20,All,ST-02,50,15,,,Protocol mismatch.
LOTROW-07277,CTRL-24-37,control_pack,Quantitative ELISA,Released,2026-10-14,2026-10-16 00:00,2026-11-03,All,All,25,10,,,Retained for audit.
LOTROW-07410,AB-27-154,antibody_pack,Antigen Detection ELISA,Quarantined,2026-11-11,2026-11-12 00:00,2027-02-19,SCI-212,ST-11,25,35,,,Protocol mismatch.
LOTROW-07240,WB-24-182,wash_buffer,General teaching lab,Expired,2026-08-05,2026-08-06 00:00,2026-10-05,SCI-210,ST-02,25,10,,,Retained for audit.
LOTROW-07638,AB-24-89,antibody_pack,General teaching lab,Released,2026-09-10,2026-09-13 00:00,2027-01-21,SCI-214,All,25,10,,,Quarantine hold.
LOTROW-07369,BLK-24-95,blocking_buffer,Quantitative ELISA,Released,2026-11-14,2026-11-15 00:00,2026-12-03,All,ST-04,10,10,,,Cold-chain review.
LOTROW-07278,QSTD-26-29,quantitative_standard,Quantitative ELISA,Expired,2026-11-09,2026-11-09 00:00,2027-01-14,SCI-216,ST-13,25,15,,,Protocol mismatch.
LOTROW-07313,WB-26-102,wash_buffer,Antibody Detection ELISA,Pending,2026-10-04,2026-10-04 00:00,2027-03-14,All,ST-06,25,0,,,Released after routine QC.
LOTROW-07300,QSTD-26-39,quantitative_standard,Antibody Detection ELISA,Superseded,2026-09-19,2026-09-21 00:00,2027-01-16,SCI-212,ST-13,50,0,,,Cold-chain review.
LOTROW-07180,WB-25-95,wash_buffer,Quantitative ELISA,Expired,2026-08-04,2026-08-07 00:00,2026-09-12,SCI-216,ST-05,25,15,,,Released after routine QC.
LOTROW-07152,SUB-25-163,substrate,General teaching lab,Released,2026-08-01,2026-08-01 00:00,2026-11-28,SCI-218,ST-12,25,15,8,13,Retained for audit.
LOTROW-07083,CTRL-26-192,control_pack,General teaching lab,Expired,2026-08-01,2026-08-02 00:00,2026-11-07,SCI-212,ST-05,25,0,,,Awaiting release.
LOTROW-07159,BLK-24-72,blocking_buffer,Antigen Detection ELISA,Superseded,2026-08-08,2026-08-09 00:00,2026-09-13,SCI-210,ST-17,25,35,,,Retained for audit.
LOTROW-07007,BLK-25-116,blocking_buffer,General teaching lab,Pending,2026-10-25,2026-10-28 00:00,2026-11-13,SCI-210,ST-09,25,15,,,Quarantine hold.
LOTROW-07455,CTRL-25-166,control_pack,Quantitative ELISA,Expired,2026-10-14,2026-10-14 00:00,2027-04-11,SCI-210,ST-12,25,15,,,Protocol mismatch.
LOTROW-07628,WB-26-28,wash_buffer,Antibody Detection ELISA,Pending,2026-11-13,2026-11-15 00:00,2027-03-26,SCI-212,ST-19,10,15,,,Released after routine QC.
LOTROW-07599,QSTD-27-183,quantitative_standard,Antigen Detection ELISA,Quarantined,2026-08-29,2026-08-30 00:00,2026-10-22,SCI-218,ST-10,25,10,,,Awaiting release.
LOTROW-07504,AB-24-83,antibody_pack,Antibody Detection ELISA,Pending,2026-08-03,2026-08-05 00:00,2026-12-04,SCI-216,ST-09,25,15,,,Awaiting release.
LOTROW-07508,BLK-25-80,blocking_buffer,Quantitative ELISA,Released,2026-09-16,2026-09-19 00:00,2026-10-01,All,ST-06,25,40,,,Quarantine hold.
LOTROW-07678,AB-24-113,antibody_pack,Quantitative ELISA,Quarantined,2026-09-03,2026-09-06 00:00,2026-10-30,SCI-216,ST-19,50,25,,,Retained for audit.
LOTROW-07416,SUB-25-109,substrate,General teaching lab,Released,2026-10-08,2026-10-09 00:00,2026-11-30,SCI-210,ST-09,25,25,6,16,Quarantine hold.
LOTROW-07160,AB-26-158,antibody_pack,Quantitative ELISA,Pending,2026-10-28,2026-10-28 00:00,2027-03-19,SCI-216,All,25,40,,,Cold-chain review.
LOTROW-07111,AB-25-110,antibody_pack,Quantitative ELISA,Expired,2026-11-25,2026-11-26 00:00,2027-03-04,SCI-214,ST-19,25,0,,,Cold-chain review.
LOTROW-07150,QSTD-27-138,quantitative_standard,General teaching lab,Quarantined,2026-11-21,2026-11-21 00:00,2026-11-30,SCI-212,ST-10,25,20,,,Protocol mismatch.
LOTROW-07342,AB-25-69,antibody_pack,Quantitative ELISA,Pending,2026-09-09,2026-09-09 00:00,2026-12-28,SCI-214,ST-17,25,20,,,Released after routine QC.
LOTROW-07248,CTRL-27-82,control_pack,Antigen Detection ELISA,Superseded,2026-08-06,2026-08-08 00:00,2026-09-19,All,ST-02,50,10,,,Cold-chain review.
LOTROW-07000,SUB-27-29,substrate,Quantitative ELISA,Pending,2026-08-22,2026-08-25 00:00,2027-02-20,SCI-216,ST-17,25,40,6,6,Awaiting release.
LOTROW-07674,SUB-26-171,substrate,General teaching lab,Released,2026-10-13,2026-10-15 00:00,2027-02-06,SCI-214,ST-06,10,40,5,15,Cold-chain review.
LOTROW-07289,AB-27-179,antibody_pack,Antibody Detection ELISA,Released,2026-09-08,2026-09-11 00:00,2026-12-24,All,ST-20,25,35,,,Protocol mismatch.
LOTROW-07348,CTRL-26-130,control_pack,Quantitative ELISA,Pending,2026-08-17,2026-08-19 00:00,2026-12-03,SCI-218,ST-15,25,10,,,Released after routine QC.
LOTROW-07132,WB-24-130,wash_buffer,General teaching lab,Superseded,2026-09-03,2026-09-04 00:00,2027-01-14,All,ST-09,25,35,,,Quarantine hold.
LOTROW-07543,BLK-26-70,blocking_buffer,Quantitative ELISA,Pending,2026-09-11,2026-09-14 00:00,2026-11-02,SCI-214,ST-14,25,0,,,Retained for audit.
LOTROW-07373,BLK-27-167,blocking_buffer,Antigen Detection ELISA,Superseded,2026-10-25,2026-10-28 00:00,2027-03-21,SCI-210,ST-06,10,20,,,Quarantine hold.
LOTROW-07109,QSTD-26-90,quantitative_standard,Antigen Detection ELISA,Released,2026-08-25,2026-08-27 00:00,2026-10-28,All,ST-12,50,15,,,Cold-chain review.
LOTROW-07254,BLK-25-108,blocking_buffer,General teaching lab,Pending,2026-09-12,2026-09-13 00:00,2027-01-25,SCI-214,ST-15,50,0,,,Protocol mismatch.
LOTROW-07061,SUB-25-46,substrate,General teaching lab,Pending,2026-09-18,2026-09-19 00:00,2026-10-30,SCI-218,ST-05,50,40,8,13,Quarantine hold.
LOTROW-07655,SUB-25-91,substrate,Antigen Detection ELISA,Expired,2026-11-22,2026-11-24 00:00,2027-01-28,SCI-210,ST-05,50,0,10,10,Retained for audit.
LOTROW-07652,AB-25-40,antibody_pack,Antigen Detection ELISA,Released,2026-10-24,2026-10-26 00:00,2026-12-28,SCI-214,ST-03,10,15,,,Quarantine hold.
LOTROW-07177,WB-25-104,wash_buffer,Quantitative ELISA,Superseded,2026-10-23,2026-10-23 00:00,2027-01-27,All,ST-09,25,40,,,Awaiting release.
LOTROW-07572,AB-26-114,antibody_pack,General teaching lab,Released,2026-08-25,2026-08-25 00:00,2026-12-09,SCI-218,ST-16,10,0,,,Released after routine QC.
LOTROW-07646,QSTD-26-176,quantitative_standard,Antibody Detection ELISA,Released,2026-08-04,2026-08-05 00:00,2026-11-19,All,ST-07,50,25,,,Released after routine QC.
LOTROW-07252,BLK-27-181,blocking_buffer,General teaching lab,Released,2026-08-28,2026-08-30 00:00,2026-09-14,SCI-216,ST-08,50,0,,,Awaiting release.
LOTROW-07468,CTRL-25-72,control_pack,Quantitative ELISA,Pending,2026-08-28,2026-08-29 00:00,2026-12-04,All,ST-19,25,10,,,Quarantine hold.
LOTROW-07094,QSTD-25-81,quantitative_standard,Antibody Detection ELISA,Superseded,2026-08-08,2026-08-11 00:00,2026-11-29,SCI-212,ST-18,25,40,,,Protocol mismatch.
LOTROW-07650,CTRL-25-21,control_pack,Quantitative ELISA,Quarantined,2026-11-18,2026-11-21 00:00,2027-03-25,SCI-218,ST-14,25,20,,,Quarantine hold.
LOTROW-07325,QSTD-24-182,quantitative_standard,Quantitative ELISA,Expired,2026-10-12,2026-10-14 00:00,2026-11-10,All,All,10,25,,,Cold-chain review.
LOTROW-07377,BLK-25-51,blocking_buffer,Antigen Detection ELISA,Released,2026-08-19,2026-08-22 00:00,2026-09-22,All,ST-19,50,0,,,Retained for audit.
LOTROW-07680,CTRL-25-58,control_pack,Antibody Detection ELISA,Released,2026-11-10,2026-11-13 00:00,2026-12-25,SCI-214,ST-04,50,15,,,Retained for audit.
LOTROW-07100,WB-25-18,wash_buffer,Antigen Detection ELISA,Released,2026-10-26,2026-10-28 00:00,2027-03-27,SCI-210,ST-14,25,40,,,Retained for audit.
LOTROW-07305,AB-24-186,antibody_pack,General teaching lab,Expired,2026-10-08,2026-10-10 00:00,2027-04-06,All,ST-09,25,25,,,Retained for audit.
LOTROW-07417,SUB-26-74,substrate,Antibody Detection ELISA,Superseded,2026-10-31,2026-11-01 00:00,2027-02-23,SCI-218,ST-06,50,35,8,11,Protocol mismatch.
LOTROW-TARGET-CTRL,CTRL-26-44,control_pack,Antigen Detection ELISA,Released,2026-09-15,2026-09-16 08:30,2026-11-30,SCI-214,ST-07,25,15,,,Contains matched positive and negative control liquids; dead volume applies separately to each control.
LOTROW-07580,QSTD-25-195,quantitative_standard,Quantitative ELISA,Expired,2026-11-27,2026-11-29 00:00,2027-03-11,All,ST-16,25,15,,,Retained for audit.
LOTROW-07189,BLK-25-100,blocking_buffer,Antigen Detection ELISA,Released,2026-11-19,2026-11-21 00:00,2027-04-25,SCI-214,ST-12,25,25,,,Released after routine QC.
LOTROW-OLD-SUB,SUB-26-144,substrate,Antigen Detection ELISA,Superseded,2026-09-12,2026-09-14 08:00,2026-10-15,SCI-214,ST-07,25,30,5,10,Retired with REL-ST07-A.
LOTROW-07296,BLK-25-67,blocking_buffer,General teaching lab,Released,2026-11-22,2026-11-22 00:00,2027-04-18,SCI-218,ST-08,10,40,,,Released after routine QC.
LOTROW-07531,BLK-25-101,blocking_buffer,Antigen Detection ELISA,Superseded,2026-08-24,2026-08-24 00:00,2027-01-22,SCI-218,ST-07,25,20,,,Released after routine QC.
LOTROW-07611,BLK-24-192,blocking_buffer,Antigen Detection ELISA,Released,2026-10-23,2026-10-24 00:00,2026-12-24,SCI-210,ST-02,25,10,,,Protocol mismatch.
LOTROW-07541,SUB-25-118,substrate,Quantitative ELISA,Superseded,2026-08-31,2026-09-03 00:00,2026-11-29,All,ST-02,25,40,10,10,Quarantine hold.
LOTROW-07188,BLK-25-32,blocking_buffer,Quantitative ELISA,Quarantined,2026-08-10,2026-08-11 00:00,2027-01-20,SCI-214,ST-11,25,20,,,Awaiting release.
LOTROW-07162,QSTD-25-107,quantitative_standard,Quantitative ELISA,Pending,2026-10-26,2026-10-29 00:00,2026-11-09,SCI-216,ST-14,10,25,,,Protocol mismatch.
LOTROW-07284,SUB-24-35,substrate,General teaching lab,Superseded,2026-08-18,2026-08-20 00:00,2027-01-05,All,ST-09,25,15,12,17,Retained for audit.
LOTROW-07321,WB-24-161,wash_buffer,Quantitative ELISA,Expired,2026-11-23,2026-11-24 00:00,2027-02-20,SCI-216,All,25,15,,,Awaiting release.
LOTROW-07253,BLK-24-167,blocking_buffer,Antigen Detection ELISA,Quarantined,2026-10-12,2026-10-13 00:00,2026-12-26,SCI-214,ST-03,25,15,,,Protocol mismatch.
LOTROW-07516,QSTD-24-161,quantitative_standard,General teaching lab,Pending,2026-10-26,2026-10-27 00:00,2027-02-09,SCI-212,ST-13,25,25,,,Quarantine hold.
LOTROW-07280,WB-26-19,wash_buffer,Antibody Detection ELISA,Released,2026-11-15,2026-11-17 00:00,2026-11-23,SCI-212,ST-13,25,35,,,Released after routine QC.
LOTROW-07414,AB-26-105,antibody_pack,Antibody Detection ELISA,Quarantined,2026-10-09,2026-10-11 00:00,2026-10-28,All,ST-17,50,40,,,Retained for audit.
LOTROW-07186,QSTD-26-144,quantitative_standard,Antibody Detection ELISA,Released,2026-10-10,2026-10-12 00:00,2027-04-06,SCI-212,ST-12,25,20,,,Retained for audit.
LOTROW-07200,CTRL-25-48,control_pack,Quantitative ELISA,Released,2026-09-29,2026-10-02 00:00,2026-10-26,SCI-210,ST-15,25,40,,,Awaiting release.
LOTROW-07217,QSTD-25-160,quantitative_standard,Antibody Detection ELISA,Pending,2026-10-26,2026-10-28 00:00,2026-12-05,SCI-218,ST-17,50,10,,,Awaiting release.
LOTROW-07692,CTRL-25-171,control_pack,Antibody Detection ELISA,Superseded,2026-09-08,2026-09-08 00:00,2026-10-23,SCI-212,ST-01,25,20,,,Quarantine hold.
LOTROW-07356,QSTD-27-63,quantitative_standard,General teaching lab,Pending,2026-10-10,2026-10-12 00:00,2027-04-07,SCI-212,ST-02,10,0,,,Cold-chain review.
LOTROW-07263,CTRL-26-144,control_pack,Quantitative ELISA,Quarantined,2026-09-25,2026-09-28 00:00,2027-02-26,SCI-214,All,25,35,,,Quarantine hold.
LOTROW-07446,BLK-27-99,blocking_buffer,General teaching lab,Superseded,2026-11-19,2026-11-19 00:00,2027-05-04,SCI-210,ST-08,50,20,,,Quarantine hold.
LOTROW-07002,QSTD-27-155,quantitative_standard,General teaching lab,Released,2026-10-25,2026-10-25 00:00,2027-02-10,SCI-214,ST-09,25,20,,,Quarantine hold.
LOTROW-07379,WB-24-53,wash_buffer,Antibody Detection ELISA,Released,2026-08-17,2026-08-19 00:00,2026-09-24,SCI-216,ST-03,25,25,,,Protocol mismatch.
LOTROW-07044,CTRL-25-47,control_pack,Quantitative ELISA,Released,2026-10-01,2026-10-04 00:00,2026-12-30,SCI-210,ST-08,25,0,,,Protocol mismatch.
LOTROW-07435,CTRL-25-70,control_pack,General teaching lab,Pending,2026-11-13,2026-11-16 00:00,2026-12-23,SCI-210,ST-13,10,25,,,Released after routine QC.
LOTROW-07229,BLK-26-193,blocking_buffer,Antigen Detection ELISA,Superseded,2026-08-06,2026-08-07 00:00,2026-09-20,SCI-212,ST-11,25,0,,,Cold-chain review.
LOTROW-07335,BLK-24-45,blocking_buffer,Quantitative ELISA,Released,2026-08-26,2026-08-27 00:00,2027-01-06,SCI-212,ST-15,50,10,,,Quarantine hold.
LOTROW-07074,AB-26-184,antibody_pack,General teaching lab,Released,2026-09-20,2026-09-22 00:00,2026-10-11,SCI-210,ST-19,25,40,,,Cold-chain review.
LOTROW-07202,QSTD-27-152,quantitative_standard,Antigen Detection ELISA,Released,2026-09-25,2026-09-25 00:00,2027-03-08,SCI-216,ST-19,10,0,,,Quarantine hold.
LOTROW-07617,CTRL-26-138,control_pack,Antibody Detection ELISA,Superseded,2026-08-30,2026-09-02 00:00,2027-01-20,SCI-212,ST-15,25,35,,,Awaiting release.
LOTROW-07613,BLK-26-27,blocking_buffer,Antigen Detection ELISA,Expired,2026-11-04,2026-11-07 00:00,2027-01-22,SCI-216,ST-19,50,35,,,Awaiting release.
LOTROW-07267,CTRL-26-177,control_pack,Quantitative ELISA,Released,2026-10-18,2026-10-19 00:00,2027-02-01,SCI-216,ST-04,25,0,,,Protocol mismatch.
LOTROW-07449,QSTD-27-124,quantitative_standard,Quantitative ELISA,Released,2026-10-22,2026-10-22 00:00,2026-12-09,SCI-218,ST-08,25,0,,,Quarantine hold.
LOTROW-07554,QSTD-27-65,quantitative_standard,Antigen Detection ELISA,Expired,2026-10-06,2026-10-09 00:00,2027-02-28,SCI-214,ST-09,25,25,,,Awaiting release.
LOTROW-07659,AB-27-81,antibody_pack,General teaching lab,Released,2026-09-28,2026-09-28 00:00,2027-03-10,SCI-218,ST-14,25,40,,,Protocol mismatch.
LOTROW-07665,AB-24-142,antibody_pack,Antigen Detection ELISA,Released,2026-10-18,2026-10-19 00:00,2027-03-26,All,ST-07,50,25,,,Retained for audit.
LOTROW-07006,BLK-26-107,blocking_buffer,Antibody Detection ELISA,Released,2026-11-02,2026-11-05 00:00,2026-12-21,SCI-218,ST-16,25,20,,,Retained for audit.
LOTROW-07129,WB-25-94,wash_buffer,General teaching lab,Expired,2026-09-01,2026-09-02 00:00,2026-12-10,SCI-212,ST-12,25,15,,,Protocol mismatch.
LOTROW-07597,BLK-25-117,blocking_buffer,Antigen Detection ELISA,Expired,2026-09-07,2026-09-09 00:00,2026-11-20,SCI-210,ST-04,10,35,,,Retained for audit.
LOTROW-07475,CTRL-25-44,control_pack,Antibody Detection ELISA,Superseded,2026-10-26,2026-10-28 00:00,2027-01-05,SCI-212,All,25,25,,,Protocol mismatch.
LOTROW-07021,AB-24-149,antibody_pack,Quantitative ELISA,Expired,2026-08-11,2026-08-11 00:00,2027-01-13,SCI-212,ST-11,10,15,,,Cold-chain review.
LOTROW-07529,SUB-27-47,substrate,Antibody Detection ELISA,Superseded,2026-11-27,2026-11-30 00:00,2027-01-23,SCI-210,ST-14,25,35,5,8,Quarantine hold.
LOTROW-07614,WB-25-191,wash_buffer,Antigen Detection ELISA,Released,2026-10-08,2026-10-09 00:00,2026-11-16,SCI-210,ST-13,25,20,,,Released after routine QC.
LOTROW-07084,CTRL-27-157,control_pack,Quantitative ELISA,Pending,2026-09-15,2026-09-17 00:00,2027-02-28,All,ST-15,25,40,,,Protocol mismatch.
LOTROW-07497,QSTD-26-173,quantitative_standard,Antibody Detection ELISA,Superseded,2026-09-12,2026-09-12 00:00,2027-01-25,SCI-218,ST-15,25,15,,,Cold-chain review.
LOTROW-07573,SUB-27-148,substrate,Antigen Detection ELISA,Expired,2026-11-07,2026-11-09 00:00,2027-01-20,SCI-214,ST-17,25,25,12,12,Retained for audit.
LOTROW-07429,BLK-25-18,blocking_buffer,Quantitative ELISA,Pending,2026-08-04,2026-08-04 00:00,2026-08-21,SCI-214,ST-06,25,10,,,Quarantine hold.
LOTROW-07577,CTRL-24-50,control_pack,Antigen Detection ELISA,Released,2026-08-08,2026-08-10 00:00,2026-08-21,SCI-214,ST-13,50,0,,,Awaiting release.
LOTROW-07688,CTRL-25-189,control_pack,Quantitative ELISA,Pending,2026-08-28,2026-08-28 00:00,2026-10-15,SCI-214,ST-16,50,0,,,Retained for audit.
LOTROW-07290,CTRL-25-88,control_pack,Antibody Detection ELISA,Released,2026-10-26,2026-10-29 00:00,2027-04-27,SCI-216,ST-06,10,40,,,Released after routine QC.
LOTROW-07397,AB-24-112,antibody_pack,Antigen Detection ELISA,Released,2026-10-03,2026-10-04 00:00,2027-02-21,SCI-214,ST-03,25,0,,,Released after routine QC.
LOTROW-07366,QSTD-24-179,quantitative_standard,Quantitative ELISA,Released,2026-09-15,2026-09-17 00:00,2027-03-13,All,ST-20,50,0,,,Cold-chain review.
LOTROW-07647,QSTD-26-110,quantitative_standard,General teaching lab,Released,2026-08-05,2026-08-06 00:00,2026-11-29,SCI-210,ST-09,25,35,,,Protocol mismatch.
LOTROW-07565,WB-25-194,wash_buffer,Antigen Detection ELISA,Released,2026-11-26,2026-11-27 00:00,2027-04-05,SCI-210,ST-20,50,20,,,Cold-chain review.
LOTROW-07402,QSTD-25-157,quantitative_standard,Quantitative ELISA,Released,2026-10-18,2026-10-20 00:00,2027-02-20,SCI-216,ST-02,10,35,,,Quarantine hold.
LOTROW-07466,AB-27-122,antibody_pack,Quantitative ELISA,Expired,2026-09-11,2026-09-12 00:00,2026-11-20,SCI-216,ST-13,25,15,,,Cold-chain review.
LOTROW-07456,BLK-24-117,blocking_buffer,Antigen Detection ELISA,Quarantined,2026-09-09,2026-09-12 00:00,2027-01-12,All,ST-14,50,10,,,Awaiting release.
LOTROW-07037,WB-25-105,wash_buffer,General teaching lab,Quarantined,2026-11-03,2026-11-04 00:00,2027-03-17,SCI-216,ST-11,25,40,,,Protocol mismatch.
LOTROW-07661,SUB-27-139,substrate,General teaching lab,Released,2026-08-22,2026-08-24 00:00,2026-09-03,All,ST-15,25,10,10,10,Quarantine hold.
LOTROW-07673,CTRL-25-172,control_pack,General teaching lab,Superseded,2026-10-22,2026-10-23 00:00,2027-04-04,All,ST-09,50,20,,,Released after routine QC.
LOTROW-07218,AB-24-124,antibody_pack,Antibody Detection ELISA,Expired,2026-08-04,2026-08-05 00:00,2026-11-18,SCI-214,All,25,35,,,Quarantine hold.
LOTROW-07428,WB-27-125,wash_buffer,Antibody Detection ELISA,Expired,2026-08-19,2026-08-22 00:00,2026-10-31,All,ST-11,25,25,,,Cold-chain review.
LOTROW-07101,SUB-24-175,substrate,Antigen Detection ELISA,Expired,2026-11-04,2026-11-05 00:00,2027-03-20,SCI-218,ST-08,50,10,10,20,Retained for audit.
LOTROW-07142,QSTD-25-121,quantitative_standard,Quantitative ELISA,Expired,2026-10-26,2026-10-26 00:00,2027-03-22,All,ST-13,25,35,,,Awaiting release.
LOTROW-07354,BLK-26-172,blocking_buffer,Antigen Detection ELISA,Quarantined,2026-08-20,2026-08-22 00:00,2026-10-01,SCI-214,ST-04,50,20,,,Awaiting release.
LOTROW-07275,WB-24-102,wash_buffer,Quantitative ELISA,Released,2026-08-20,2026-08-22 00:00,2027-01-09,All,ST-04,25,0,,,Retained for audit.
LOTROW-07259,WB-24-145,wash_buffer,Antibody Detection ELISA,Expired,2026-10-08,2026-10-09 00:00,2027-04-07,SCI-216,ST-18,25,25,,,Retained for audit.
LOTROW-07481,WB-25-177,wash_buffer,Quantitative ELISA,Expired,2026-10-26,2026-10-28 00:00,2026-12-13,All,ST-01,10,10,,,Protocol mismatch.
LOTROW-07283,AB-27-80,antibody_pack,Antigen Detection ELISA,Expired,2026-10-08,2026-10-08 00:00,2026-11-09,SCI-218,ST-09,25,35,,,Retained for audit.
LOTROW-07241,BLK-24-156,blocking_buffer,Antigen Detection ELISA,Expired,2026-11-10,2026-11-13 00:00,2026-11-22,All,ST-01,25,20,,,Protocol mismatch.
LOTROW-07421,CTRL-25-131,control_pack,Antibody Detection ELISA,Released,2026-11-07,2026-11-09 00:00,2026-11-25,SCI-214,ST-19,25,35,,,Cold-chain review.
LOTROW-07349,CTRL-27-89,control_pack,Antigen Detection ELISA,Released,2026-11-14,2026-11-15 00:00,2027-03-31,SCI-214,ST-07,10,10,,,Awaiting release.
LOTROW-07351,SUB-27-46,substrate,Antigen Detection ELISA,Expired,2026-10-03,2026-10-05 00:00,2026-11-30,SCI-216,ST-04,25,35,6,8,Retained for audit.
LOTROW-07076,SUB-24-96,substrate,Quantitative ELISA,Quarantined,2026-09-22,2026-09-23 00:00,2027-01-01,SCI-210,ST-13,25,10,6,16,Released after routine QC.
LOTROW-07346,AB-24-158,antibody_pack,Quantitative ELISA,Expired,2026-09-10,2026-09-12 00:00,2026-12-07,SCI-216,ST-17,10,10,,,Retained for audit.
LOTROW-07637,CTRL-27-119,control_pack,Quantitative ELISA,Released,2026-11-17,2026-11-18 00:00,2027-04-28,SCI-210,ST-12,25,35,,,Awaiting release.
LOTROW-07064,SUB-27-84,substrate,Antibody Detection ELISA,Released,2026-09-18,2026-09-20 00:00,2026-10-27,All,ST-04,25,40,10,13,Retained for audit.
LOTROW-07550,CTRL-24-85,control_pack,Antibody Detection ELISA,Quarantined,2026-09-03,2026-09-03 00:00,2027-01-26,SCI-212,ST-05,10,15,,,Protocol mismatch.
LOTROW-07381,CTRL-25-99,control_pack,General teaching lab,Released,2026-10-04,2026-10-04 00:00,2027-01-30,SCI-210,ST-05,50,0,,,Cold-chain review.
LOTROW-07126,BLK-27-62,blocking_buffer,General teaching lab,Expired,2026-09-09,2026-09-09 00:00,2026-11-26,All,ST-15,10,20,,,Retained for audit.
LOTROW-07250,WB-27-174,wash_buffer,Quantitative ELISA,Released,2026-09-13,2026-09-15 00:00,2026-12-01,All,ST-08,10,35,,,Awaiting release.
LOTROW-07480,AB-26-176,antibody_pack,General teaching lab,Superseded,2026-08-21,2026-08-22 00:00,2026-09-05,SCI-212,ST-17,25,25,,,Awaiting release.
LOTROW-07601,BLK-25-151,blocking_buffer,General teaching lab,Released,2026-10-12,2026-10-14 00:00,2027-03-11,SCI-210,ST-05,25,0,,,Awaiting release.
LOTROW-07164,AB-27-147,antibody_pack,Quantitative ELISA,Released,2026-09-27,2026-09-27 00:00,2027-01-25,SCI-214,ST-15,25,20,,,Protocol mismatch.
LOTROW-07148,WB-24-80,wash_buffer,Antibody Detection ELISA,Superseded,2026-11-28,2026-11-29 00:00,2027-04-14,All,ST-05,10,0,,,Quarantine hold.
LOTROW-07458,AB-27-159,antibody_pack,Antibody Detection ELISA,Expired,2026-10-28,2026-10-30 00:00,2026-12-22,All,ST-11,10,10,,,Released after routine QC.
LOTROW-07368,SUB-24-158,substrate,General teaching lab,Released,2026-08-30,2026-08-31 00:00,2026-11-22,All,ST-04,50,35,10,13,Quarantine hold.
LOTROW-07393,SUB-25-132,substrate,Antibody Detection ELISA,Quarantined,2026-08-07,2026-08-07 00:00,2026-12-15,All,ST-07,50,25,8,11,Protocol mismatch.
LOTROW-07420,QSTD-25-118,quantitative_standard,Antibody Detection ELISA,Expired,2026-09-09,2026-09-09 00:00,2026-11-18,SCI-216,ST-06,10,25,,,Retained for audit.
LOTROW-07459,BLK-27-63,blocking_buffer,Antibody Detection ELISA,Expired,2026-08-02,2026-08-04 00:00,2026-08-18,SCI-214,ST-13,25,0,,,Released after routine QC.
LOTROW-07258,SUB-27-62,substrate,Antigen Detection ELISA,Released,2026-10-16,2026-10-16 00:00,2026-12-13,SCI-212,ST-01,25,35,6,8,Cold-chain review.
LOTROW-07434,CTRL-25-22,control_pack,Quantitative ELISA,Released,2026-08-15,2026-08-15 00:00,2026-12-19,SCI-214,ST-08,25,25,,,Awaiting release.
LOTROW-07301,QSTD-25-186,quantitative_standard,General teaching lab,Released,2026-08-01,2026-08-04 00:00,2026-08-18,All,ST-10,25,35,,,Cold-chain review.
LOTROW-07120,SUB-25-154,substrate,Antibody Detection ELISA,Released,2026-09-26,2026-09-28 00:00,2026-12-02,SCI-216,ST-07,25,40,10,13,Quarantine hold.
LOTROW-07190,CTRL-24-61,control_pack,Antibody Detection ELISA,Quarantined,2026-08-28,2026-08-31 00:00,2026-09-24,SCI-218,ST-11,25,35,,,Awaiting release.
LOTROW-07036,AB-24-67,antibody_pack,General teaching lab,Superseded,2026-08-16,2026-08-17 00:00,2026-12-29,All,ST-06,25,0,,,Retained for audit.
LOTROW-07441,WB-27-159,wash_buffer,Antibody Detection ELISA,Released,2026-11-23,2026-11-24 00:00,2027-01-14,SCI-214,ST-12,10,35,,,Cold-chain review.
LOTROW-07089,AB-25-23,antibody_pack,Antibody Detection ELISA,Superseded,2026-11-02,2026-11-02 00:00,2027-01-13,SCI-210,ST-20,10,10,,,Cold-chain review.
LOTROW-07517,CTRL-25-136,control_pack,Quantitative ELISA,Expired,2026-09-12,2026-09-14 00:00,2027-01-26,SCI-212,ST-18,25,35,,,Retained for audit.
LOTROW-07488,CTRL-27-108,control_pack,General teaching lab,Released,2026-10-31,2026-10-31 00:00,2026-12-30,SCI-218,ST-09,25,25,,,Released after routine QC.
LOTROW-07353,BLK-25-44,blocking_buffer,Antibody Detection ELISA,Released,2026-09-11,2026-09-14 00:00,2026-12-25,SCI-216,ST-07,10,25,,,Protocol mismatch.
LOTROW-07224,AB-24-68,antibody_pack,Quantitative ELISA,Released,2026-10-20,2026-10-22 00:00,2027-02-23,SCI-214,All,10,15,,,Awaiting release.
LOTROW-07454,WB-27-196,wash_buffer,Antigen Detection ELISA,Released,2026-10-02,2026-10-03 00:00,2027-01-23,SCI-218,ST-18,10,0,,,Protocol mismatch.
LOTROW-07598,BLK-26-28,blocking_buffer,Antibody Detection ELISA,Released,2026-09-09,2026-09-09 00:00,2026-12-30,SCI-218,ST-08,10,20,,,Cold-chain review.
LOTROW-07510,BLK-25-33,blocking_buffer,Antibody Detection ELISA,Expired,2026-09-29,2026-10-01 00:00,2027-03-14,SCI-214,ST-02,25,10,,,Quarantine hold.
LOTROW-07343,CTRL-27-167,control_pack,Antibody Detection ELISA,Expired,2026-08-15,2026-08-17 00:00,2026-12-28,SCI-214,All,25,0,,,Released after routine QC.
LOTROW-07663,SUB-24-124,substrate,General teaching lab,Released,2026-08-13,2026-08-16 00:00,2026-10-25,SCI-212,ST-08,25,20,6,9,Released after routine QC.
LOTROW-07582,AB-26-173,antibody_pack,General teaching lab,Released,2026-11-29,2026-12-01 00:00,2026-12-28,SCI-212,ST-01,25,10,,,Cold-chain review.
LOTROW-07338,BLK-25-185,blocking_buffer,Antigen Detection ELISA,Released,2026-08-20,2026-08-21 00:00,2026-10-19,SCI-210,ST-06,25,20,,,Awaiting release.
LOTROW-07025,WB-26-39,wash_buffer,Quantitative ELISA,Expired,2026-11-13,2026-11-15 00:00,2027-03-31,SCI-210,ST-18,25,35,,,Cold-chain review.
LOTROW-07088,CTRL-24-122,control_pack,Quantitative ELISA,Released,2026-10-15,2026-10-17 00:00,2027-02-08,SCI-216,ST-17,25,15,,,Awaiting release.
LOTROW-07110,SUB-26-121,substrate,General teaching lab,Expired,2026-09-07,2026-09-07 00:00,2027-01-20,SCI-210,ST-08,25,20,5,15,Quarantine hold.
LOTROW-07483,AB-27-174,antibody_pack,Antibody Detection ELISA,Released,2026-09-02,2026-09-04 00:00,2027-02-09,SCI-210,ST-20,25,40,,,Retained for audit.
LOTROW-07192,WB-26-104,wash_buffer,Quantitative ELISA,Superseded,2026-09-06,2026-09-08 00:00,2026-11-23,SCI-210,ST-12,50,25,,,Protocol mismatch.
LOTROW-07492,QSTD-27-104,quantitative_standard,Antibody Detection ELISA,Expired,2026-10-30,2026-11-01 00:00,2027-04-02,All,ST-14,10,20,,,Released after routine QC.
LOTROW-07169,AB-24-191,antibody_pack,Antigen Detection ELISA,Expired,2026-09-28,2026-10-01 00:00,2026-11-27,All,ST-14,25,20,,,Cold-chain review.
LOTROW-07173,SUB-25-70,substrate,Quantitative ELISA,Superseded,2026-10-19,2026-10-21 00:00,2027-04-05,SCI-218,ST-05,25,0,5,15,Retained for audit.
LOTROW-07620,AB-26-85,antibody_pack,Antibody Detection ELISA,Released,2026-11-05,2026-11-08 00:00,2027-04-02,All,ST-15,50,35,,,Cold-chain review.
LOTROW-07545,AB-27-151,antibody_pack,Antibody Detection ELISA,Pending,2026-10-28,2026-10-31 00:00,2027-04-25,SCI-214,All,25,35,,,Protocol mismatch.
LOTROW-07331,AB-26-37,antibody_pack,Antibody Detection ELISA,Expired,2026-09-04,2026-09-05 00:00,2027-03-02,SCI-218,ST-20,50,15,,,Awaiting release.
LOTROW-07432,AB-24-138,antibody_pack,General teaching lab,Expired,2026-08-01,2026-08-04 00:00,2026-11-24,SCI-218,ST-06,25,10,,,Cold-chain review.
LOTROW-07561,QSTD-26-19,quantitative_standard,Quantitative ELISA,Superseded,2026-09-02,2026-09-04 00:00,2027-02-09,All,ST-07,50,35,,,Released after routine QC.
LOTROW-07535,SUB-25-65,substrate,Quantitative ELISA,Quarantined,2026-09-13,2026-09-16 00:00,2026-10-21,SCI-216,ST-03,50,0,12,12,Protocol mismatch.
LOTROW-07677,CTRL-27-14,control_pack,Quantitative ELISA,Pending,2026-11-26,2026-11-26 00:00,2027-03-18,All,ST-12,25,10,,,Quarantine hold.
LOTROW-07425,CTRL-24-53,control_pack,General teaching lab,Superseded,2026-08-10,2026-08-11 00:00,2026-11-04,SCI-212,ST-16,10,35,,,Cold-chain review.
LOTROW-07182,QSTD-24-194,quantitative_standard,Quantitative ELISA,Released,2026-11-09,2026-11-09 00:00,2027-02-21,SCI-210,ST-20,25,0,,,Released after routine QC.
LOTROW-07209,BLK-26-140,blocking_buffer,Antibody Detection ELISA,Quarantined,2026-11-10,2026-11-12 00:00,2026-11-25,SCI-212,ST-18,25,25,,,Retained for audit.
LOTROW-07375,CTRL-25-93,control_pack,General teaching lab,Pending,2026-09-23,2026-09-23 00:00,2026-12-20,SCI-214,ST-03,50,0,,,Cold-chain review.
LOTROW-07537,SUB-27-25,substrate,General teaching lab,Released,2026-11-20,2026-11-23 00:00,2027-01-09,SCI-210,ST-18,10,35,5,5,Quarantine hold.
LOTROW-07574,WB-27-146,wash_buffer,Quantitative ELISA,Released,2026-09-09,2026-09-09 00:00,2026-12-09,SCI-212,ST-03,25,35,,,Quarantine hold.
LOTROW-07547,AB-27-169,antibody_pack,Quantitative ELISA,Superseded,2026-08-27,2026-08-29 00:00,2026-11-27,SCI-216,ST-18,50,15,,,Released after routine QC.
LOTROW-07298,QSTD-25-78,quantitative_standard,Quantitative ELISA,Pending,2026-10-04,2026-10-06 00:00,2027-03-10,SCI-218,ST-02,25,10,,,Quarantine hold.
LOTROW-07405,WB-27-12,wash_buffer,Antigen Detection ELISA,Released,2026-08-26,2026-08-26 00:00,2027-02-15,SCI-218,ST-02,10,15,,,Released after routine QC.
LOTROW-07631,SUB-26-172,substrate,Antibody Detection ELISA,Released,2026-11-14,2026-11-16 00:00,2027-01-13,SCI-212,ST-09,25,0,10,13,Cold-chain review.
LOTROW-07235,CTRL-27-171,control_pack,Quantitative ELISA,Released,2026-10-19,2026-10-19 00:00,2026-12-10,SCI-212,ST-07,25,15,,,Awaiting release.
LOTROW-07616,SUB-26-120,substrate,Quantitative ELISA,Released,2026-09-30,2026-10-01 00:00,2026-12-13,SCI-212,ST-15,25,20,5,7,Retained for audit.
LOTROW-07063,CTRL-24-51,control_pack,Antibody Detection ELISA,Superseded,2026-09-23,2026-09-26 00:00,2026-11-23,SCI-214,ST-11,25,25,,,Cold-chain review.
LOTROW-07119,BLK-27-177,blocking_buffer,Antibody Detection ELISA,Released,2026-11-17,2026-11-20 00:00,2027-02-11,SCI-216,ST-11,10,40,,,Cold-chain review.
LOTROW-07411,BLK-26-187,blocking_buffer,General teaching lab,Released,2026-08-27,2026-08-27 00:00,2026-10-07,All,ST-14,25,15,,,Quarantine hold.
LOTROW-07345,CTRL-26-136,control_pack,Antigen Detection ELISA,Pending,2026-08-15,2026-08-15 00:00,2026-09-04,All,ST-10,25,0,,,Protocol mismatch.
LOTROW-07540,SUB-24-80,substrate,Antigen Detection ELISA,Pending,2026-08-23,2026-08-23 00:00,2026-09-22,SCI-216,ST-04,25,35,12,22,Quarantine hold.
LOTROW-07307,SUB-27-15,substrate,Quantitative ELISA,Expired,2026-11-10,2026-11-12 00:00,2027-03-11,SCI-216,ST-04,50,40,8,13,Awaiting release.
LOTROW-07040,AB-26-78,antibody_pack,Antibody Detection ELISA,Released,2026-08-21,2026-08-22 00:00,2027-01-18,SCI-210,ST-15,25,15,,,Protocol mismatch.
LOTROW-07544,QSTD-26-139,quantitative_standard,Antibody Detection ELISA,Released,2026-11-23,2026-11-25 00:00,2027-01-06,SCI-216,ST-02,10,10,,,Protocol mismatch.
LOTROW-07271,SUB-25-74,substrate,General teaching lab,Pending,2026-08-09,2026-08-11 00:00,2026-10-25,SCI-216,ST-01,10,25,10,10,Released after routine QC.
LOTROW-07395,QSTD-27-136,quantitative_standard,General teaching lab,Expired,2026-08-03,2026-08-06 00:00,2026-11-09,SCI-210,ST-05,25,0,,,Protocol mismatch.
LOTROW-07672,CTRL-27-190,control_pack,Quantitative ELISA,Expired,2026-11-21,2026-11-22 00:00,2027-04-23,SCI-216,ST-17,50,0,,,Cold-chain review.
LOTROW-07071,CTRL-27-155,control_pack,Antigen Detection ELISA,Expired,2026-08-01,2026-08-01 00:00,2026-10-29,SCI-218,ST-12,50,40,,,Awaiting release.
LOTROW-07645,WB-24-22,wash_buffer,Antigen Detection ELISA,Superseded,2026-08-20,2026-08-20 00:00,2026-11-24,SCI-214,ST-09,25,25,,,Quarantine hold.
LOTROW-07134,QSTD-24-81,quantitative_standard,Antigen Detection ELISA,Released,2026-10-03,2026-10-05 00:00,2026-10-18,All,ST-04,25,35,,,Protocol mismatch.
LOTROW-07538,CTRL-24-131,control_pack,Quantitative ELISA,Released,2026-11-28,2026-11-30 00:00,2027-01-29,SCI-210,ST-19,25,10,,,Quarantine hold.
LOTROW-07140,AB-27-173,antibody_pack,Quantitative ELISA,Quarantined,2026-10-28,2026-10-31 00:00,2027-01-10,SCI-214,ST-18,25,35,,,Awaiting release.
LOTROW-07634,CTRL-26-111,control_pack,Quantitative ELISA,Pending,2026-08-14,2026-08-16 00:00,2026-12-02,All,ST-20,50,25,,,Quarantine hold.
LOTROW-07181,BLK-25-193,blocking_buffer,General teaching lab,Released,2026-09-14,2026-09-17 00:00,2027-02-14,SCI-210,All,25,15,,,Retained for audit.
LOTROW-PENDING-SUB,SUB-26-166,substrate,Antigen Detection ELISA,Pending,2026-09-16,2026-09-16 09:20,2026-12-31,SCI-214,ST-07,25,35,10,12,Pending extended-read pilot; not released.
LOTROW-07238,AB-26-48,antibody_pack,General teaching lab,Quarantined,2026-09-18,2026-09-20 00:00,2027-01-15,SCI-218,ST-08,25,25,,,Awaiting release.
LOTROW-07114,BLK-26-154,blocking_buffer,General teaching lab,Pending,2026-11-09,2026-11-09 00:00,2027-03-23,SCI-214,ST-06,25,15,,,Retained for audit.
LOTROW-07233,AB-27-41,antibody_pack,Antibody Detection ELISA,Released,2026-09-02,2026-09-03 00:00,2026-09-23,SCI-216,ST-07,25,25,,,Awaiting release.
LOTROW-07444,SUB-27-59,substrate,General teaching lab,Released,2026-11-03,2026-11-04 00:00,2026-11-19,SCI-218,ST-13,50,0,12,22,Cold-chain review.
LOTROW-07157,AB-26-195,antibody_pack,Antibody Detection ELISA,Released,2026-08-11,2026-08-14 00:00,2026-11-17,SCI-210,ST-11,25,0,,,Retained for audit.
LOTROW-07174,WB-25-132,wash_buffer,Antibody Detection ELISA,Released,2026-09-15,2026-09-17 00:00,2027-02-26,SCI-212,ST-01,50,15,,,Retained for audit.
LOTROW-07491,AB-27-66,antibody_pack,Antigen Detection ELISA,Superseded,2026-10-24,2026-10-25 00:00,2026-11-02,All,All,25,25,,,Retained for audit.
LOTROW-07667,BLK-27-170,blocking_buffer,General teaching lab,Superseded,2026-11-11,2026-11-12 00:00,2027-05-07,SCI-210,ST-05,10,15,,,Retained for audit.
LOTROW-07288,CTRL-25-128,control_pack,General teaching lab,Released,2026-09-15,2026-09-18 00:00,2027-03-11,SCI-212,ST-13,50,15,,,Protocol mismatch.
LOTROW-07668,WB-27-181,wash_buffer,Antibody Detection ELISA,Released,2026-08-02,2026-08-05 00:00,2026-11-29,All,ST-18,50,35,,,Awaiting release.
LOTROW-07390,WB-24-25,wash_buffer,General teaching lab,Released,2026-08-05,2026-08-05 00:00,2026-11-10,SCI-216,ST-16,50,25,,,Cold-chain review.
LOTROW-07136,AB-24-189,antibody_pack,Antigen Detection ELISA,Released,2026-08-14,2026-08-17 00:00,2026-12-24,SCI-214,ST-01,50,10,,,Cold-chain review.
LOTROW-07407,BLK-24-193,blocking_buffer,General teaching lab,Released,2026-09-05,2026-09-05 00:00,2026-10-21,SCI-218,ST-11,25,10,,,Retained for audit.
LOTROW-07445,WB-24-159,wash_buffer,Antibody Detection ELISA,Released,2026-10-19,2026-10-22 00:00,2027-01-21,SCI-214,ST-09,25,40,,,Cold-chain review.
LOTROW-07610,QSTD-24-125,quantitative_standard,Quantitative ELISA,Superseded,2026-09-17,2026-09-19 00:00,2027-01-20,All,ST-01,25,35,,,Retained for audit.
LOTROW-07312,WB-27-139,wash_buffer,Antigen Detection ELISA,Expired,2026-08-16,2026-08-17 00:00,2026-09-04,SCI-214,ST-02,25,35,,,Quarantine hold.
LOTROW-07415,CTRL-27-156,control_pack,Antigen Detection ELISA,Released,2026-10-13,2026-10-13 00:00,2026-11-10,All,ST-07,25,15,,,Retained for audit.
LOTROW-07463,WB-24-133,wash_buffer,Antigen Detection ELISA,Expired,2026-10-19,2026-10-19 00:00,2027-01-11,SCI-214,ST-05,25,0,,,Retained for audit.
LOTROW-07581,AB-26-14,antibody_pack,Antigen Detection ELISA,Pending,2026-11-18,2026-11-18 00:00,2026-12-20,SCI-214,ST-03,10,40,,,Released after routine QC.
LOTROW-07051,AB-24-12,antibody_pack,Quantitative ELISA,Released,2026-10-15,2026-10-18 00:00,2026-11-11,All,ST-05,25,0,,,Retained for audit.
LOTROW-07484,CTRL-25-10,control_pack,Antibody Detection ELISA,Pending,2026-11-10,2026-11-11 00:00,2027-04-26,SCI-210,ST-06,25,25,,,Quarantine hold.
LOTROW-07624,CTRL-25-109,control_pack,Antibody Detection ELISA,Released,2026-08-13,2026-08-13 00:00,2026-12-23,SCI-214,ST-17,25,40,,,Protocol mismatch.
LOTROW-07243,QSTD-27-103,quantitative_standard,General teaching lab,Released,2026-11-15,2026-11-15 00:00,2027-05-10,SCI-214,ST-05,50,15,,,Released after routine QC.
LOTROW-07513,CTRL-25-87,control_pack,General teaching lab,Quarantined,2026-08-26,2026-08-28 00:00,2026-11-09,SCI-212,ST-15,25,40,,,Retained for audit.
LOTROW-07234,SUB-26-148,substrate,General teaching lab,Released,2026-10-13,2026-10-13 00:00,2026-12-01,SCI-212,ST-17,50,20,12,14,Protocol mismatch.
LOTROW-07386,WB-24-192,wash_buffer,Antigen Detection ELISA,Superseded,2026-09-20,2026-09-21 00:00,2027-01-09,SCI-216,ST-02,25,0,,,Cold-chain review.
LOTROW-07163,SUB-25-90,substrate,Antigen Detection ELISA,Quarantined,2026-11-14,2026-11-17 00:00,2026-12-31,SCI-218,ST-03,25,25,8,11,Awaiting release.
LOTROW-07539,SUB-26-70,substrate,Quantitative ELISA,Released,2026-10-20,2026-10-21 00:00,2027-02-01,SCI-210,ST-08,25,15,8,18,Cold-chain review.
LOTROW-07401,BLK-26-20,blocking_buffer,General teaching lab,Released,2026-08-19,2026-08-20 00:00,2027-01-05,SCI-210,ST-08,50,0,,,Released after routine QC.
LOTROW-07077,QSTD-27-10,quantitative_standard,Quantitative ELISA,Released,2026-11-09,2026-11-09 00:00,2026-12-25,SCI-210,ST-16,10,0,,,Retained for audit.
LOTROW-07043,CTRL-26-124,control_pack,Antigen Detection ELISA,Released,2026-09-06,2026-09-09 00:00,2026-11-23,SCI-218,ST-16,25,40,,,Awaiting release.
LOTROW-07518,CTRL-27-42,control_pack,Antibody Detection ELISA,Superseded,2026-09-02,2026-09-05 00:00,2026-11-09,SCI-218,ST-04,25,0,,,Protocol mismatch.
LOTROW-07310,WB-25-66,wash_buffer,Antibody Detection ELISA,Superseded,2026-09-13,2026-09-14 00:00,2026-12-10,SCI-216,ST-01,25,40,,,Retained for audit.
LOTROW-07553,AB-24-183,antibody_pack,Quantitative ELISA,Released,2026-08-29,2026-08-30 00:00,2027-02-26,SCI-214,ST-02,50,35,,,Quarantine hold.
LOTROW-07433,WB-26-20,wash_buffer,Quantitative ELISA,Released,2026-10-03,2026-10-06 00:00,2026-11-24,All,ST-16,50,15,,,Cold-chain review.
LOTROW-07362,BLK-24-106,blocking_buffer,Quantitative ELISA,Quarantined,2026-08-31,2026-08-31 00:00,2026-12-06,SCI-216,ST-18,25,35,,,Retained for audit.
LOTROW-07558,WB-26-87,wash_buffer,General teaching lab,Expired,2026-10-19,2026-10-22 00:00,2027-03-20,SCI-214,ST-04,10,15,,,Quarantine hold.
LOTROW-TARGET-AB,AB-26-72,antibody_pack,Antigen Detection ELISA,Released,2026-09-15,2026-09-16 08:30,2026-12-15,SCI-214,ST-07,25,35,,,Contains primary and secondary antibody; dead volume applies separately to each antibody.
LOTROW-07058,SUB-26-89,substrate,General teaching lab,Superseded,2026-10-28,2026-10-29 00:00,2027-02-26,SCI-216,ST-18,25,0,12,14,Protocol mismatch.
LOTROW-07255,AB-24-130,antibody_pack,General teaching lab,Pending,2026-09-06,2026-09-09 00:00,2027-01-20,SCI-216,ST-20,25,20,,,Awaiting release.
LOTROW-07041,SUB-25-92,substrate,Antigen Detection ELISA,Superseded,2026-11-14,2026-11-17 00:00,2027-04-15,SCI-216,ST-20,10,10,6,6,Released after routine QC.
LOTROW-07522,BLK-26-103,blocking_buffer,Antigen Detection ELISA,Quarantined,2026-11-02,2026-11-03 00:00,2026-11-26,SCI-216,ST-04,25,25,,,Protocol mismatch.
LOTROW-07098,WB-26-145,wash_buffer,Antigen Detection ELISA,Released,2026-08-06,2026-08-08 00:00,2026-12-06,SCI-214,ST-05,25,10,,,Protocol mismatch.
LOTROW-07314,WB-26-10,wash_buffer,Antigen Detection ELISA,Released,2026-10-25,2026-10-26 00:00,2027-04-11,SCI-212,ST-16,25,20,,,Cold-chain review.
LOTROW-07228,AB-25-157,antibody_pack,Quantitative ELISA,Released,2026-10-23,2026-10-23 00:00,2027-02-02,SCI-216,ST-03,50,20,,,Quarantine hold.
LOTROW-07016,QSTD-26-42,quantitative_standard,Quantitative ELISA,Expired,2026-11-01,2026-11-02 00:00,2026-11-30,All,ST-19,50,25,,,Awaiting release.
LOTROW-07070,BLK-24-51,blocking_buffer,Antigen Detection ELISA,Superseded,2026-08-08,2026-08-08 00:00,2026-10-08,SCI-210,ST-18,25,35,,,Cold-chain review.
LOTROW-07161,AB-25-145,antibody_pack,Quantitative ELISA,Released,2026-09-21,2026-09-23 00:00,2027-01-02,SCI-212,ST-07,25,35,,,Released after routine QC.
LOTROW-07106,AB-24-72,antibody_pack,Quantitative ELISA,Expired,2026-09-08,2026-09-10 00:00,2026-10-23,All,ST-10,50,15,,,Released after routine QC.
LOTROW-07158,BLK-25-74,blocking_buffer,Antibody Detection ELISA,Released,2026-10-13,2026-10-13 00:00,2027-01-17,SCI-210,ST-11,50,10,,,Released after routine QC.
LOTROW-07693,SUB-26-42,substrate,General teaching lab,Expired,2026-11-15,2026-11-18 00:00,2027-02-26,SCI-210,ST-01,10,35,6,8,Protocol mismatch.
LOTROW-07096,BLK-25-24,blocking_buffer,Antibody Detection ELISA,Pending,2026-10-12,2026-10-13 00:00,2026-11-20,SCI-212,ST-03,25,40,,,Awaiting release.
LOTROW-07221,SUB-27-194,substrate,General teaching lab,Released,2026-10-16,2026-10-17 00:00,2027-01-14,SCI-216,ST-06,10,15,12,15,Released after routine QC.
LOTROW-07293,CTRL-27-30,control_pack,Antigen Detection ELISA,Released,2026-11-12,2026-11-12 00:00,2027-03-02,SCI-212,ST-07,25,40,,,Awaiting release.
LOTROW-07327,AB-27-31,antibody_pack,General teaching lab,Expired,2026-08-29,2026-09-01 00:00,2026-12-26,SCI-214,ST-04,25,25,,,Released after routine QC.
LOTROW-07201,BLK-26-123,blocking_buffer,Antigen Detection ELISA,Superseded,2026-09-14,2026-09-15 00:00,2026-11-16,SCI-214,ST-18,25,25,,,Awaiting release.
LOTROW-07065,BLK-27-161,blocking_buffer,Quantitative ELISA,Released,2026-11-05,2026-11-06 00:00,2027-01-21,SCI-212,ST-09,25,25,,,Retained for audit.
LOTROW-07339,BLK-27-64,blocking_buffer,Antigen Detection ELISA,Released,2026-08-14,2026-08-15 00:00,2026-08-27,SCI-214,ST-03,25,15,,,Released after routine QC.
LOTROW-07125,AB-24-195,antibody_pack,Antibody Detection ELISA,Expired,2026-10-11,2026-10-14 00:00,2027-02-10,SCI-212,ST-18,25,40,,,Released after routine QC.
LOTROW-07073,AB-25-167,antibody_pack,General teaching lab,Superseded,2026-08-20,2026-08-22 00:00,2026-10-27,SCI-216,ST-02,25,25,,,Retained for audit.
LOTROW-07333,SUB-25-188,substrate,Quantitative ELISA,Released,2026-09-28,2026-09-30 00:00,2026-12-11,SCI-216,ST-19,50,10,12,17,Quarantine hold.
LOTROW-07683,WB-24-106,wash_buffer,Antibody Detection ELISA,Quarantined,2026-09-24,2026-09-26 00:00,2026-10-29,SCI-216,ST-04,25,20,,,Quarantine hold.
LOTROW-07649,BLK-26-21,blocking_buffer,Antibody Detection ELISA,Released,2026-09-06,2026-09-06 00:00,2026-11-26,SCI-212,ST-08,50,20,,,Awaiting release.
LOTROW-07143,BLK-24-121,blocking_buffer,Antibody Detection ELISA,Quarantined,2026-11-03,2026-11-05 00:00,2026-11-17,SCI-218,ST-20,25,35,,,Released after routine QC.
LOTROW-07023,WB-24-21,wash_buffer,Quantitative ELISA,Superseded,2026-11-11,2026-11-12 00:00,2026-11-19,SCI-210,All,25,20,,,Protocol mismatch.
LOTROW-07020,AB-27-186,antibody_pack,Antibody Detection ELISA,Quarantined,2026-08-13,2026-08-13 00:00,2026-09-02,SCI-214,ST-20,50,15,,,Cold-chain review.
LOTROW-07326,SUB-26-12,substrate,Antigen Detection ELISA,Superseded,2026-09-28,2026-10-01 00:00,2026-12-10,SCI-210,ST-01,25,10,8,18,Retained for audit.
LOTROW-07447,WB-24-139,wash_buffer,Quantitative ELISA,Quarantined,2026-08-29,2026-08-29 00:00,2026-09-13,SCI-210,ST-14,25,15,,,Retained for audit.
LOTROW-07097,SUB-25-170,substrate,General teaching lab,Expired,2026-08-15,2026-08-18 00:00,2026-09-25,SCI-216,ST-13,10,25,6,6,Retained for audit.
LOTROW-07685,SUB-25-95,substrate,Quantitative ELISA,Expired,2026-09-25,2026-09-26 00:00,2026-10-06,SCI-216,ST-10,25,40,5,5,Released after routine QC.
LOTROW-07564,WB-26-158,wash_buffer,Antigen Detection ELISA,Expired,2026-08-12,2026-08-12 00:00,2026-10-05,SCI-214,ST-02,10,0,,,Retained for audit.
LOTROW-07555,CTRL-25-82,control_pack,Antigen Detection ELISA,Expired,2026-09-28,2026-09-30 00:00,2026-12-10,SCI-214,ST-15,25,15,,,Awaiting release.
LOTROW-07498,SUB-27-108,substrate,Quantitative ELISA,Released,2026-08-18,2026-08-19 00:00,2026-09-01,SCI-210,ST-04,25,10,5,10,Released after routine QC.
LOTROW-07583,BLK-25-22,blocking_buffer,Quantitative ELISA,Released,2026-08-16,2026-08-17 00:00,2026-09-30,All,ST-20,25,40,,,Released after routine QC.
LOTROW-07587,BLK-25-77,blocking_buffer,Quantitative ELISA,Expired,2026-09-20,2026-09-22 00:00,2026-11-01,SCI-218,ST-18,25,20,,,Retained for audit.
LOTROW-07231,AB-27-125,antibody_pack,Quantitative ELISA,Quarantined,2026-09-06,2026-09-09 00:00,2026-12-27,All,ST-02,10,35,,,Protocol mismatch.
LOTROW-07579,CTRL-27-174,control_pack,Antibody Detection ELISA,Expired,2026-11-18,2026-11-18 00:00,2027-02-20,SCI-216,ST-11,10,15,,,Retained for audit.
LOTROW-07399,BLK-25-114,blocking_buffer,Antibody Detection ELISA,Expired,2026-08-24,2026-08-27 00:00,2026-12-19,SCI-218,ST-16,50,25,,,Protocol mismatch.
LOTROW-07261,BLK-26-95,blocking_buffer,Antigen Detection ELISA,Released,2026-11-17,2026-11-18 00:00,2026-12-04,SCI-210,ST-05,50,20,,,Cold-chain review.
LOTROW-07324,SUB-25-165,substrate,General teaching lab,Expired,2026-08-04,2026-08-07 00:00,2026-10-01,SCI-216,ST-03,25,35,6,11,Cold-chain review.
LOTROW-07679,BLK-25-53,blocking_buffer,General teaching lab,Released,2026-10-30,2026-11-01 00:00,2027-04-12,All,ST-09,25,35,,,Awaiting release.
LOTROW-07069,WB-27-158,wash_buffer,Quantitative ELISA,Released,2026-10-26,2026-10-28 00:00,2026-11-02,All,ST-02,25,25,,,Released after routine QC.
LOTROW-07102,WB-24-98,wash_buffer,Quantitative ELISA,Expired,2026-10-15,2026-10-15 00:00,2027-02-25,SCI-210,ST-17,25,0,,,Awaiting release.
LOTROW-07131,BLK-24-46,blocking_buffer,Antigen Detection ELISA,Superseded,2026-09-10,2026-09-13 00:00,2026-11-08,SCI-214,ST-05,10,25,,,Retained for audit.
LOTROW-07384,SUB-26-163,substrate,Antibody Detection ELISA,Superseded,2026-11-29,2026-11-30 00:00,2027-04-21,SCI-210,ST-05,10,15,8,13,Awaiting release.
LOTROW-07170,BLK-24-159,blocking_buffer,General teaching lab,Released,2026-11-11,2026-11-13 00:00,2026-11-23,SCI-216,ST-14,25,10,,,Retained for audit.
LOTROW-07135,CTRL-26-168,control_pack,General teaching lab,Pending,2026-10-04,2026-10-05 00:00,2026-11-25,SCI-212,ST-13,50,35,,,Retained for audit.
LOTROW-07570,CTRL-24-27,control_pack,Antibody Detection ELISA,Released,2026-08-31,2026-08-31 00:00,2026-12-02,SCI-210,ST-12,25,35,,,Awaiting release.
LOTROW-07409,AB-27-176,antibody_pack,Antibody Detection ELISA,Quarantined,2026-10-21,2026-10-23 00:00,2026-12-01,SCI-210,ST-16,25,0,,,Retained for audit.
LOTROW-07569,WB-26-99,wash_buffer,Antibody Detection ELISA,Expired,2026-08-24,2026-08-25 00:00,2026-09-28,SCI-214,ST-10,50,15,,,Retained for audit.
LOTROW-07450,SUB-24-62,substrate,Antibody Detection ELISA,Pending,2026-08-23,2026-08-25 00:00,2026-11-25,SCI-218,ST-11,25,25,12,12,Released after routine QC.
LOTROW-07090,WB-26-108,wash_buffer,Antibody Detection ELISA,Expired,2026-10-24,2026-10-26 00:00,2027-02-08,SCI-218,ST-02,10,0,,,Released after routine QC.
LOTROW-07210,CTRL-26-10,control_pack,Antibody Detection ELISA,Released,2026-08-29,2026-08-31 00:00,2027-01-03,SCI-216,ST-08,25,25,,,Protocol mismatch.
LOTROW-07195,SUB-26-116,substrate,General teaching lab,Released,2026-10-02,2026-10-02 00:00,2027-02-13,SCI-214,ST-10,10,0,6,9,Protocol mismatch.
LOTROW-07576,SUB-27-196,substrate,Quantitative ELISA,Released,2026-11-11,2026-11-13 00:00,2027-03-12,All,ST-03,10,10,12,15,Awaiting release.
LOTROW-07615,CTRL-25-196,control_pack,Antibody Detection ELISA,Released,2026-09-12,2026-09-15 00:00,2026-10-24,SCI-216,ST-08,50,15,,,Retained for audit.
LOTROW-07304,SUB-27-32,substrate,Antibody Detection ELISA,Released,2026-10-25,2026-10-25 00:00,2027-01-10,SCI-210,ST-08,25,10,5,5,Protocol mismatch.
LOTROW-07596,SUB-27-161,substrate,General teaching lab,Released,2026-08-14,2026-08-14 00:00,2026-10-17,SCI-214,ST-03,10,20,12,14,Retained for audit.
LOTROW-07196,CTRL-25-67,control_pack,Antigen Detection ELISA,Pending,2026-08-09,2026-08-10 00:00,2027-02-06,SCI-212,ST-15,10,0,,,Awaiting release.
LOTROW-07329,SUB-26-118,substrate,Quantitative ELISA,Pending,2026-11-24,2026-11-24 00:00,2027-03-04,SCI-214,ST-15,25,20,6,16,Awaiting release.
LOTROW-07311,QSTD-26-171,quantitative_standard,Antibody Detection ELISA,Pending,2026-09-08,2026-09-09 00:00,2026-10-11,SCI-210,ST-04,10,0,,,Protocol mismatch.
LOTROW-07212,BLK-24-43,blocking_buffer,Antigen Detection ELISA,Superseded,2026-09-30,2026-10-01 00:00,2027-03-19,SCI-218,ST-14,25,25,,,Quarantine hold.
LOTROW-07578,CTRL-25-146,control_pack,Quantitative ELISA,Superseded,2026-11-08,2026-11-08 00:00,2026-12-03,SCI-214,ST-10,50,0,,,Protocol mismatch.
LOTROW-07242,WB-25-86,wash_buffer,Quantitative ELISA,Released,2026-09-30,2026-10-01 00:00,2027-03-29,All,ST-16,25,25,,,Released after routine QC.
LOTROW-07104,QSTD-24-139,quantitative_standard,Antigen Detection ELISA,Released,2026-11-24,2026-11-27 00:00,2027-01-09,SCI-212,ST-06,25,20,,,Protocol mismatch.
LOTROW-07357,CTRL-24-97,control_pack,Antibody Detection ELISA,Expired,2026-11-26,2026-11-28 00:00,2027-04-30,SCI-214,ST-05,25,15,,,Cold-chain review.
LOTROW-07033,WB-27-133,wash_buffer,Antibody Detection ELISA,Pending,2026-11-24,2026-11-25 00:00,2027-02-02,SCI-214,ST-16,25,0,,,Retained for audit.
LOTROW-07412,WB-26-18,wash_buffer,Quantitative ELISA,Quarantined,2026-08-22,2026-08-25 00:00,2026-10-04,SCI-210,ST-20,10,10,,,Cold-chain review.
LOTROW-07319,CTRL-24-14,control_pack,Quantitative ELISA,Released,2026-09-21,2026-09-24 00:00,2027-02-19,SCI-216,ST-15,25,40,,,Protocol mismatch.
LOTROW-07156,WB-27-48,wash_buffer,Antigen Detection ELISA,Quarantined,2026-08-13,2026-08-15 00:00,2026-12-16,SCI-212,ST-20,50,40,,,Quarantine hold.
LOTROW-07559,CTRL-24-56,control_pack,Antigen Detection ELISA,Quarantined,2026-08-07,2026-08-09 00:00,2026-11-25,SCI-212,ST-10,10,25,,,Quarantine hold.
LOTROW-07365,QSTD-27-76,quantitative_standard,Antibody Detection ELISA,Released,2026-08-02,2026-08-05 00:00,2026-11-12,All,All,25,10,,,Retained for audit.
LOTROW-07408,BLK-25-70,blocking_buffer,Antigen Detection ELISA,Pending,2026-08-01,2026-08-04 00:00,2026-11-13,SCI-214,ST-14,50,0,,,Cold-chain review.
LOTROW-07328,CTRL-25-11,control_pack,Antigen Detection ELISA,Pending,2026-08-12,2026-08-15 00:00,2027-01-03,SCI-216,ST-18,25,10,,,Cold-chain review.
LOTROW-07495,SUB-26-61,substrate,Antibody Detection ELISA,Released,2026-11-01,2026-11-02 00:00,2027-04-11,SCI-212,ST-07,25,10,10,10,Quarantine hold.
LOTROW-07220,BLK-27-184,blocking_buffer,Quantitative ELISA,Released,2026-10-14,2026-10-17 00:00,2027-03-24,SCI-210,ST-12,25,15,,,Quarantine hold.
LOTROW-07270,QSTD-26-153,quantitative_standard,Quantitative ELISA,Quarantined,2026-09-07,2026-09-07 00:00,2027-02-20,SCI-210,ST-01,10,0,,,Awaiting release.
LOTROW-07670,CTRL-24-186,control_pack,Antigen Detection ELISA,Released,2026-11-21,2026-11-24 00:00,2027-04-23,SCI-210,All,25,40,,,Retained for audit.
LOTROW-07019,SUB-26-180,substrate,Quantitative ELISA,Pending,2026-09-21,2026-09-21 00:00,2026-10-04,SCI-214,ST-17,25,40,12,22,Cold-chain review.
LOTROW-07003,AB-27-24,antibody_pack,Quantitative ELISA,Released,2026-10-16,2026-10-18 00:00,2026-12-31,SCI-214,ST-20,10,40,,,Protocol mismatch.
LOTROW-07658,QSTD-24-94,quantitative_standard,Antibody Detection ELISA,Released,2026-09-15,2026-09-17 00:00,2027-02-08,SCI-214,ST-17,50,35,,,Quarantine hold.
LOTROW-07664,WB-24-197,wash_buffer,Antigen Detection ELISA,Released,2026-10-06,2026-10-09 00:00,2026-11-07,All,ST-19,25,25,,,Quarantine hold.
LOTROW-07062,WB-25-56,wash_buffer,Antibody Detection ELISA,Superseded,2026-11-21,2026-11-24 00:00,2026-12-21,SCI-216,ST-11,50,0,,,Released after routine QC.
LOTROW-07225,WB-24-137,wash_buffer,General teaching lab,Quarantined,2026-09-17,2026-09-20 00:00,2026-12-14,SCI-210,ST-09,25,10,,,Retained for audit.
LOTROW-07262,WB-25-33,wash_buffer,Quantitative ELISA,Superseded,2026-11-21,2026-11-23 00:00,2027-02-06,All,ST-05,50,25,,,Awaiting release.
LOTROW-07316,WB-26-15,wash_buffer,Antibody Detection ELISA,Released,2026-10-20,2026-10-23 00:00,2027-03-10,SCI-212,ST-16,25,10,,,Protocol mismatch.
LOTROW-07175,CTRL-25-110,control_pack,Quantitative ELISA,Quarantined,2026-11-05,2026-11-08 00:00,2026-12-30,SCI-214,ST-10,25,25,,,Released after routine QC.
LOTROW-07236,BLK-26-197,blocking_buffer,General teaching lab,Released,2026-09-24,2026-09-24 00:00,2026-12-01,SCI-216,ST-03,10,10,,,Cold-chain review.
LOTROW-07563,AB-25-155,antibody_pack,Quantitative ELISA,Expired,2026-09-08,2026-09-11 00:00,2026-12-28,SCI-218,ST-19,25,0,,,Awaiting release.
LOTROW-07380,CTRL-27-122,control_pack,Antigen Detection ELISA,Superseded,2026-09-30,2026-10-02 00:00,2027-03-20,SCI-210,ST-04,25,20,,,Cold-chain review.
LOTROW-07113,QSTD-25-54,quantitative_standard,General teaching lab,Pending,2026-08-21,2026-08-23 00:00,2026-08-28,SCI-214,ST-19,25,40,,,Awaiting release.
LOTROW-07185,WB-27-141,wash_buffer,General teaching lab,Expired,2026-09-30,2026-10-03 00:00,2026-10-28,SCI-216,ST-08,25,25,,,Retained for audit.
LOTROW-07053,AB-24-102,antibody_pack,General teaching lab,Released,2026-10-09,2026-10-12 00:00,2026-12-26,SCI-210,ST-16,50,10,,,Released after routine QC.
LOTROW-07406,QSTD-24-59,quantitative_standard,General teaching lab,Released,2026-08-03,2026-08-06 00:00,2026-11-04,SCI-216,ST-20,25,40,,,Released after routine QC.
LOTROW-07666,BLK-27-168,blocking_buffer,Quantitative ELISA,Expired,2026-10-09,2026-10-10 00:00,2026-10-21,SCI-218,ST-10,50,15,,,Released after routine QC.
LOTROW-07657,WB-26-82,wash_buffer,Quantitative ELISA,Pending,2026-10-22,2026-10-24 00:00,2027-04-06,SCI-218,ST-07,50,35,,,Quarantine hold.
LOTROW-07396,WB-26-157,wash_buffer,Quantitative ELISA,Expired,2026-11-21,2026-11-23 00:00,2026-12-10,SCI-216,ST-20,10,35,,,Cold-chain review.
LOTROW-07211,WB-26-190,wash_buffer,Antigen Detection ELISA,Quarantined,2026-09-17,2026-09-20 00:00,2027-02-13,All,ST-07,25,10,,,Retained for audit.
LOTROW-07575,WB-24-178,wash_buffer,Antigen Detection ELISA,Released,2026-10-14,2026-10-17 00:00,2027-01-02,SCI-218,ST-06,50,20,,,Cold-chain review.
LOTROW-07651,QSTD-26-53,quantitative_standard,Antibody Detection ELISA,Quarantined,2026-11-26,2026-11-28 00:00,2027-04-11,SCI-218,ST-06,10,40,,,Protocol mismatch.
LOTROW-07682,AB-24-75,antibody_pack,Antibody Detection ELISA,Released,2026-11-11,2026-11-14 00:00,2027-01-08,SCI-216,ST-12,25,20,,,Quarantine hold.
LOTROW-07662,AB-24-167,antibody_pack,General teaching lab,Released,2026-10-04,2026-10-04 00:00,2027-03-07,SCI-212,ST-08,25,40,,,Cold-chain review.
LOTROW-07464,BLK-26-124,blocking_buffer,General teaching lab,Released,2026-09-28,2026-10-01 00:00,2027-02-21,SCI-218,ST-11,50,0,,,Protocol mismatch.
LOTROW-07562,BLK-26-138,blocking_buffer,General teaching lab,Pending,2026-08-08,2026-08-10 00:00,2026-08-31,SCI-218,ST-08,10,0,,,Quarantine hold.
LOTROW-07622,CTRL-25-118,control_pack,General teaching lab,Released,2026-08-27,2026-08-27 00:00,2026-12-31,SCI-218,ST-04,50,25,,,Released after routine QC.
LOTROW-07482,AB-24-122,antibody_pack,General teaching lab,Expired,2026-11-10,2026-11-12 00:00,2027-05-08,SCI-216,All,25,0,,,Released after routine QC.
LOTROW-07344,SUB-26-98,substrate,Quantitative ELISA,Quarantined,2026-11-22,2026-11-25 00:00,2027-01-06,All,ST-04,50,15,5,5,Awaiting release.
LOTROW-07032,QSTD-27-127,quantitative_standard,Antigen Detection ELISA,Superseded,2026-11-17,2026-11-17 00:00,2026-11-30,SCI-216,ST-02,10,15,,,Released after routine QC.
LOTROW-07139,BLK-24-29,blocking_buffer,Antigen Detection ELISA,Superseded,2026-08-19,2026-08-21 00:00,2026-11-10,All,ST-01,25,20,,,Cold-chain review.
LOTROW-07112,BLK-27-54,blocking_buffer,General teaching lab,Released,2026-09-24,2026-09-26 00:00,2026-10-28,SCI-218,ST-06,25,10,,,Awaiting release.
LOTROW-07686,QSTD-27-64,quantitative_standard,General teaching lab,Released,2026-09-28,2026-09-29 00:00,2026-12-09,SCI-218,ST-17,50,40,,,Protocol mismatch.
LOTROW-07360,BLK-27-141,blocking_buffer,General teaching lab,Pending,2026-10-11,2026-10-13 00:00,2026-12-24,SCI-210,ST-08,25,40,,,Released after routine QC.
LOTROW-07514,AB-24-100,antibody_pack,Quantitative ELISA,Superseded,2026-10-13,2026-10-13 00:00,2026-11-09,SCI-212,ST-17,25,0,,,Protocol mismatch.
LOTROW-07303,QSTD-25-65,quantitative_standard,Antigen Detection ELISA,Quarantined,2026-08-21,2026-08-23 00:00,2026-09-01,All,ST-11,25,20,,,Quarantine hold.
LOTROW-07479,QSTD-24-36,quantitative_standard,Antigen Detection ELISA,Released,2026-09-04,2026-09-06 00:00,2026-09-20,SCI-210,ST-10,25,35,,,Released after routine QC.
LOTROW-07341,BLK-27-57,blocking_buffer,General teaching lab,Pending,2026-11-04,2026-11-04 00:00,2027-04-08,All,ST-11,25,25,,,Released after routine QC.
LOTROW-07654,CTRL-26-110,control_pack,Antigen Detection ELISA,Quarantined,2026-08-06,2026-08-09 00:00,2026-10-11,SCI-214,ST-17,25,40,,,Released after routine QC.
LOTROW-07168,SUB-24-54,substrate,General teaching lab,Expired,2026-09-30,2026-09-30 00:00,2026-11-06,All,ST-19,25,35,6,11,Released after routine QC.
LOTROW-07509,WB-25-43,wash_buffer,Antigen Detection ELISA,Quarantined,2026-08-19,2026-08-20 00:00,2026-09-05,SCI-216,ST-13,50,35,,,Released after routine QC.
LOTROW-07642,WB-26-33,wash_buffer,Quantitative ELISA,Released,2026-11-25,2026-11-25 00:00,2027-03-18,SCI-218,ST-07,25,0,,,Protocol mismatch.
LOTROW-07066,SUB-27-195,substrate,Antigen Detection ELISA,Released,2026-11-15,2026-11-15 00:00,2026-12-05,All,All,25,0,12,14,Awaiting release.
LOTROW-07332,SUB-27-138,substrate,Quantitative ELISA,Superseded,2026-10-01,2026-10-03 00:00,2027-01-14,SCI-210,ST-20,50,35,5,10,Cold-chain review.
LOTROW-07388,WB-27-187,wash_buffer,Antigen Detection ELISA,Pending,2026-08-24,2026-08-25 00:00,2026-09-29,All,ST-19,25,25,,,Protocol mismatch.
LOTROW-07398,BLK-26-134,blocking_buffer,Antibody Detection ELISA,Released,2026-10-31,2026-11-01 00:00,2027-01-25,SCI-214,ST-06,25,10,,,Released after routine QC.
LOTROW-07057,BLK-26-82,blocking_buffer,Antigen Detection ELISA,Released,2026-11-05,2026-11-08 00:00,2027-02-11,SCI-212,ST-08,25,40,,,Quarantine hold.
LOTROW-07087,WB-27-97,wash_buffer,Antigen Detection ELISA,Expired,2026-10-16,2026-10-19 00:00,2027-03-08,SCI-212,ST-12,25,35,,,Cold-chain review.
LOTROW-07374,AB-27-87,antibody_pack,Antigen Detection ELISA,Superseded,2026-10-12,2026-10-12 00:00,2027-02-27,SCI-218,ST-11,25,25,,,Retained for audit.
LOTROW-07469,CTRL-26-146,control_pack,Quantitative ELISA,Superseded,2026-08-31,2026-09-01 00:00,2026-12-10,SCI-212,ST-11,25,15,,,Protocol mismatch.
LOTROW-07590,CTRL-25-121,control_pack,Antibody Detection ELISA,Pending,2026-08-08,2026-08-08 00:00,2027-02-03,SCI-216,ST-18,25,35,,,Cold-chain review.
LOTROW-07387,WB-24-83,wash_buffer,Antigen Detection ELISA,Released,2026-08-24,2026-08-26 00:00,2026-10-03,SCI-218,ST-18,25,25,,,Awaiting release.
LOTROW-07632,WB-25-40,wash_buffer,Quantitative ELISA,Released,2026-11-29,2026-12-01 00:00,2027-01-24,SCI-210,ST-18,25,25,,,Cold-chain review.
LOTROW-07056,BLK-27-118,blocking_buffer,Antigen Detection ELISA,Superseded,2026-09-20,2026-09-22 00:00,2026-12-21,SCI-214,All,25,40,,,Protocol mismatch.
LOTROW-07612,CTRL-25-19,control_pack,Antibody Detection ELISA,Released,2026-08-31,2026-09-03 00:00,2027-01-24,SCI-218,ST-14,10,0,,,Retained for audit.
LOTROW-07133,BLK-26-78,blocking_buffer,Quantitative ELISA,Pending,2026-08-28,2026-08-30 00:00,2026-10-07,All,ST-07,25,15,,,Released after routine QC.
LOTROW-07247,BLK-26-29,blocking_buffer,Antigen Detection ELISA,Pending,2026-09-01,2026-09-04 00:00,2026-11-14,SCI-214,ST-20,25,15,,,Quarantine hold.
LOTROW-07476,CTRL-24-128,control_pack,General teaching lab,Expired,2026-08-26,2026-08-29 00:00,2026-10-01,SCI-212,ST-05,50,15,,,Retained for audit.
LOTROW-07246,AB-27-121,antibody_pack,Quantitative ELISA,Superseded,2026-09-09,2026-09-09 00:00,2026-10-04,SCI-214,All,50,25,,,Quarantine hold.
LOTROW-07187,CTRL-25-111,control_pack,General teaching lab,Superseded,2026-08-23,2026-08-25 00:00,2026-11-04,SCI-212,ST-09,10,35,,,Retained for audit.
LOTROW-07257,WB-25-168,wash_buffer,Quantitative ELISA,Released,2026-08-29,2026-08-31 00:00,2026-12-16,SCI-212,ST-12,10,20,,,Protocol mismatch.
LOTROW-07623,SUB-26-192,substrate,Quantitative ELISA,Expired,2026-11-15,2026-11-15 00:00,2027-01-29,SCI-218,ST-01,25,20,12,22,Cold-chain review.
LOTROW-07684,AB-25-67,antibody_pack,Antigen Detection ELISA,Expired,2026-11-23,2026-11-23 00:00,2027-03-23,SCI-214,ST-13,25,20,,,Protocol mismatch.
LOTROW-07472,WB-25-29,wash_buffer,Quantitative ELISA,Released,2026-11-23,2026-11-26 00:00,2027-04-27,SCI-212,ST-07,25,20,,,Retained for audit.
LOTROW-07047,CTRL-27-62,control_pack,Antigen Detection ELISA,Superseded,2026-09-24,2026-09-26 00:00,2026-12-05,SCI-218,ST-05,10,40,,,Awaiting release.
LOTROW-07671,WB-27-16,wash_buffer,Antibody Detection ELISA,Pending,2026-09-29,2026-10-01 00:00,2027-02-17,SCI-210,ST-11,10,25,,,Protocol mismatch.
LOTROW-07060,WB-26-32,wash_buffer,General teaching lab,Quarantined,2026-11-15,2026-11-17 00:00,2027-02-23,SCI-212,ST-17,25,25,,,Released after routine QC.
LOTROW-07309,AB-25-59,antibody_pack,Antigen Detection ELISA,Released,2026-11-05,2026-11-07 00:00,2027-01-02,SCI-210,ST-12,25,0,,,Protocol mismatch.
LOTROW-07506,SUB-27-176,substrate,Quantitative ELISA,Released,2026-10-13,2026-10-13 00:00,2027-02-20,SCI-210,ST-19,10,0,6,11,Quarantine hold.
LOTROW-07689,AB-25-138,antibody_pack,Antigen Detection ELISA,Superseded,2026-11-27,2026-11-28 00:00,2026-12-04,All,ST-09,25,40,,,Protocol mismatch.
LOTROW-07471,CTRL-24-81,control_pack,Antibody Detection ELISA,Superseded,2026-09-26,2026-09-27 00:00,2026-11-13,SCI-218,ST-18,50,35,,,Released after routine QC.
LOTROW-07149,QSTD-26-114,quantitative_standard,Antibody Detection ELISA,Released,2026-09-02,2026-09-04 00:00,2027-01-16,SCI-210,ST-02,25,25,,,Quarantine hold.
LOTROW-07669,AB-25-115,antibody_pack,General teaching lab,Superseded,2026-09-27,2026-09-29 00:00,2026-11-06,SCI-210,ST-15,25,10,,,Released after routine QC.
LOTROW-07376,AB-24-137,antibody_pack,Antibody Detection ELISA,Released,2026-09-11,2026-09-14 00:00,2026-12-21,SCI-216,ST-11,25,25,,,Retained for audit.
LOTROW-07383,SUB-24-196,substrate,Quantitative ELISA,Pending,2026-11-14,2026-11-17 00:00,2027-02-02,SCI-218,ST-01,10,40,10,12,Quarantine hold.
LOTROW-07636,AB-24-16,antibody_pack,Quantitative ELISA,Pending,2026-09-10,2026-09-13 00:00,2026-10-05,SCI-210,ST-16,25,40,,,Retained for audit.
LOTROW-07237,WB-24-122,wash_buffer,Antigen Detection ELISA,Quarantined,2026-09-15,2026-09-18 00:00,2026-10-10,SCI-210,ST-18,10,40,,,Awaiting release.
LOTROW-07011,WB-24-174,wash_buffer,Antibody Detection ELISA,Superseded,2026-08-17,2026-08-18 00:00,2026-12-25,All,ST-11,50,0,,,Cold-chain review.
LOTROW-07213,SUB-27-157,substrate,General teaching lab,Released,2026-09-05,2026-09-05 00:00,2026-12-26,SCI-210,ST-03,10,25,6,11,Protocol mismatch.
LOTROW-07281,QSTD-24-166,quantitative_standard,Quantitative ELISA,Released,2026-09-07,2026-09-08 00:00,2026-11-16,SCI-218,ST-12,10,35,,,Retained for audit.
LOTROW-07153,CTRL-26-112,control_pack,General teaching lab,Expired,2026-11-17,2026-11-19 00:00,2027-01-19,SCI-214,ST-03,50,25,,,Retained for audit.
LOTROW-07585,QSTD-24-140,quantitative_standard,Antigen Detection ELISA,Quarantined,2026-11-22,2026-11-24 00:00,2026-12-23,SCI-212,ST-10,25,10,,,Protocol mismatch.
LOTROW-07606,SUB-25-151,substrate,Antibody Detection ELISA,Released,2026-08-17,2026-08-19 00:00,2026-11-28,SCI-216,ST-09,10,10,8,11,Quarantine hold.
LOTROW-07067,SUB-25-39,substrate,Antigen Detection ELISA,Quarantined,2026-11-17,2026-11-19 00:00,2027-03-28,SCI-218,All,25,0,6,11,Retained for audit.
LOTROW-07364,BLK-26-151,blocking_buffer,Quantitative ELISA,Superseded,2026-08-16,2026-08-16 00:00,2026-12-24,SCI-216,ST-07,25,0,,,Protocol mismatch.
LOTROW-07024,WB-27-11,wash_buffer,General teaching lab,Released,2026-08-12,2026-08-13 00:00,2026-10-05,SCI-218,ST-01,25,10,,,Released after routine QC.
